fecha;Determinacion;Publicacion DOF;para solventar obligaciones
01/01/2015;N/E;N/E;14,7348
02/01/2015;14,8290;14,7414;14,7348
03/01/2015;N/E;N/E;14,7414
04/01/2015;N/E;N/E;14,7414
05/01/2015;14,9469;14,8290;14,7414
06/01/2015;14,8479;14,9469;14,8290
07/01/2015;14,7936;14,8479;14,9469
08/01/2015;14,6274;14,7936;14,8479
09/01/2015;14,5804;14,6274;14,7936
10/01/2015;N/E;N/E;14,6274
11/01/2015;N/E;N/E;14,6274
12/01/2015;14,6398;14,5804;14,6274
13/01/2015;14,5559;14,6398;14,5804
14/01/2015;14,5644;14,5559;14,6398
15/01/2015;14,5821;14,5644;14,5559
16/01/2015;14,6223;14,5821;14,5644
17/01/2015;N/E;N/E;14,5821
18/01/2015;N/E;N/E;14,5821
19/01/2015;14,6524;14,6223;14,5821
20/01/2015;14,6484;14,6524;14,6223
21/01/2015;14,6983;14,6484;14,6524
22/01/2015;14,6120;14,6983;14,6484
23/01/2015;14,6499;14,6120;14,6983
24/01/2015;N/E;N/E;14,6120
25/01/2015;N/E;N/E;14,6120
26/01/2015;14,5887;14,6499;14,6120
27/01/2015;14,5872;14,5887;14,6499
28/01/2015;14,6878;14,5872;14,5887
29/01/2015;14,8414;14,6878;14,5872
30/01/2015;14,9885;14,8414;14,6878
31/01/2015;N/E;N/E;14,8414
01/02/2015;N/E;N/E;14,8414
02/02/2015;N/E;N/E;14,8414
03/02/2015;14,7566;14,9885;14,8414
04/02/2015;14,8011;14,7566;14,9885
05/02/2015;14,7548;14,8011;14,7566
06/02/2015;14,9024;14,7548;14,8011
07/02/2015;N/E;N/E;14,7548
08/02/2015;N/E;N/E;14,7548
09/02/2015;14,8014;14,9024;14,7548
10/02/2015;14,9309;14,8014;14,9024
11/02/2015;15,1099;14,9309;14,8014
12/02/2015;14,9167;15,1099;14,9309
13/02/2015;14,8605;14,9167;15,1099
14/02/2015;N/E;N/E;14,9167
15/02/2015;N/E;N/E;14,9167
16/02/2015;14,8979;14,8605;14,9167
17/02/2015;14,8971;14,8979;14,8605
18/02/2015;14,9473;14,8971;14,8979
19/02/2015;14,9583;14,9473;14,8971
20/02/2015;15,0757;14,9583;14,9473
21/02/2015;N/E;N/E;14,9583
22/02/2015;N/E;N/E;14,9583
23/02/2015;15,0832;15,0757;14,9583
24/02/2015;14,9712;15,0832;15,0757
25/02/2015;14,9228;14,9712;15,0832
26/02/2015;14,9624;14,9228;14,9712
27/02/2015;14,9553;14,9624;14,9228
28/02/2015;N/E;N/E;14,9624
01/03/2015;N/E;N/E;14,9624
02/03/2015;14,9862;14,9553;14,9624
03/03/2015;14,9544;14,9862;14,9553
04/03/2015;15,0756;14,9544;14,9862
05/03/2015;15,1686;15,0756;14,9544
06/03/2015;15,4445;15,1686;15,0756
07/03/2015;N/E;N/E;15,1686
08/03/2015;N/E;N/E;15,1686
09/03/2015;15,4544;15,4445;15,1686
10/03/2015;15,5837;15,4544;15,4445
11/03/2015;15,4455;15,5837;15,4544
12/03/2015;15,4003;15,4455;15,5837
13/03/2015;15,4892;15,4003;15,4455
14/03/2015;N/E;N/E;15,4003
15/03/2015;N/E;N/E;15,4003
16/03/2015;N/E;N/E;15,4003
17/03/2015;15,4271;15,4892;15,4003
18/03/2015;15,4192;15,4271;15,4892
19/03/2015;15,2960;15,4192;15,4271
20/03/2015;15,0317;15,2960;15,4192
21/03/2015;N/E;N/E;15,2960
22/03/2015;N/E;N/E;15,2960
23/03/2015;14,9644;15,0317;15,2960
24/03/2015;14,9347;14,9644;15,0317
25/03/2015;14,9524;14,9347;14,9644
26/03/2015;15,1056;14,9524;14,9347
27/03/2015;15,1542;15,1056;14,9524
28/03/2015;N/E;N/E;15,1056
29/03/2015;N/E;N/E;15,1056
30/03/2015;15,2427;15,1542;15,1056
31/03/2015;15,2647;15,2427;15,1542
01/04/2015;15,1206;15,2647;15,2427
02/04/2015;N/E;N/E;15,2647
03/04/2015;N/E;N/E;15,2647
04/04/2015;N/E;N/E;15,2647
05/04/2015;N/E;N/E;15,2647
06/04/2015;14,8003;15,1206;15,2647
07/04/2015;14,9039;14,8003;15,1206
08/04/2015;14,9072;14,9039;14,8003
09/04/2015;15,0554;14,9072;14,9039
10/04/2015;15,1706;15,0554;14,9072
11/04/2015;N/E;N/E;15,0554
12/04/2015;N/E;N/E;15,0554
13/04/2015;15,2947;15,1706;15,0554
14/04/2015;15,2339;15,2947;15,1706
15/04/2015;15,3891;15,2339;15,2947
16/04/2015;15,2455;15,3891;15,2339
17/04/2015;15,3128;15,2455;15,3891
18/04/2015;N/E;N/E;15,2455
19/04/2015;N/E;N/E;15,2455
20/04/2015;15,3973;15,3128;15,2455
21/04/2015;15,3837;15,3973;15,3128
22/04/2015;15,4518;15,3837;15,3973
23/04/2015;15,3539;15,4518;15,3837
24/04/2015;15,3834;15,3539;15,4518
25/04/2015;N/E;N/E;15,3539
26/04/2015;N/E;N/E;15,3539
27/04/2015;15,3213;15,3834;15,3539
28/04/2015;15,2225;15,3213;15,3834
29/04/2015;15,2043;15,2225;15,3213
30/04/2015;15,3714;15,2043;15,2225
01/05/2015;N/E;N/E;15,2043
02/05/2015;N/E;N/E;15,2043
03/05/2015;N/E;N/E;15,2043
04/05/2015;15,4940;15,3714;15,2043
05/05/2015;15,3225;15,4940;15,3714
06/05/2015;15,2825;15,3225;15,4940
07/05/2015;15,3397;15,2825;15,3225
08/05/2015;15,1424;15,3397;15,2825
09/05/2015;N/E;N/E;15,3397
10/05/2015;N/E;N/E;15,3397
11/05/2015;15,2624;15,1424;15,3397
12/05/2015;15,3211;15,2624;15,1424
13/05/2015;15,2213;15,3211;15,2624
14/05/2015;15,1235;15,2213;15,3211
15/05/2015;15,0225;15,1235;15,2213
16/05/2015;N/E;N/E;15,1235
17/05/2015;N/E;N/E;15,1235
18/05/2015;15,1200;15,0225;15,1235
19/05/2015;15,2008;15,1200;15,0225
20/05/2015;15,2120;15,2008;15,1200
21/05/2015;15,2326;15,2120;15,2008
22/05/2015;15,2918;15,2326;15,2120
23/05/2015;N/E;N/E;15,2326
24/05/2015;N/E;N/E;15,2326
25/05/2015;15,2635;15,2918;15,2326
26/05/2015;15,3235;15,2635;15,2918
27/05/2015;15,3581;15,3235;15,2635
28/05/2015;15,3737;15,3581;15,3235
29/05/2015;15,3815;15,3737;15,3581
30/05/2015;N/E;N/E;15,3737
31/05/2015;N/E;N/E;15,3737
01/06/2015;15,4845;15,3815;15,3737
02/06/2015;15,4128;15,4845;15,3815
03/06/2015;15,4833;15,4128;15,4845
04/06/2015;15,5347;15,4833;15,4128
05/06/2015;15,6958;15,5347;15,4833
06/06/2015;N/E;N/E;15,5347
07/06/2015;N/E;N/E;15,5347
08/06/2015;15,6715;15,6958;15,5347
09/06/2015;15,5645;15,6715;15,6958
10/06/2015;15,4779;15,5645;15,6715
11/06/2015;15,4409;15,4779;15,5645
12/06/2015;15,4129;15,4409;15,4779
13/06/2015;N/E;N/E;15,4409
14/06/2015;N/E;N/E;15,4409
15/06/2015;15,4327;15,4129;15,4409
16/06/2015;15,4192;15,4327;15,4129
17/06/2015;15,4199;15,4192;15,4327
18/06/2015;15,2828;15,4199;15,4192
19/06/2015;15,3274;15,2828;15,4199
20/06/2015;N/E;N/E;15,2828
21/06/2015;N/E;N/E;15,2828
22/06/2015;15,3072;15,3274;15,2828
23/06/2015;15,4088;15,3072;15,3274
24/06/2015;15,4555;15,4088;15,3072
25/06/2015;15,4816;15,4555;15,4088
26/06/2015;15,5676;15,4816;15,4555
27/06/2015;N/E;N/E;15,4816
28/06/2015;N/E;N/E;15,4816
29/06/2015;15,6599;15,5676;15,4816
30/06/2015;15,6854;15,6599;15,5676
01/07/2015;15,7829;15,6854;15,6599
02/07/2015;15,6821;15,7829;15,6854
03/07/2015;15,6918;15,6821;15,7829
04/07/2015;N/E;N/E;15,6821
05/07/2015;N/E;N/E;15,6821
06/07/2015;15,7530;15,6918;15,6821
07/07/2015;15,8281;15,7530;15,6918
08/07/2015;15,8174;15,8281;15,7530
09/07/2015;15,7856;15,8174;15,8281
10/07/2015;15,7329;15,7856;15,8174
11/07/2015;N/E;N/E;15,7856
12/07/2015;N/E;N/E;15,7856
13/07/2015;15,7404;15,7329;15,7856
14/07/2015;15,6728;15,7404;15,7329
15/07/2015;15,7470;15,6728;15,7404
16/07/2015;15,8014;15,7470;15,6728
17/07/2015;15,9121;15,8014;15,7470
18/07/2015;N/E;N/E;15,8014
19/07/2015;N/E;N/E;15,8014
20/07/2015;15,9856;15,9121;15,8014
21/07/2015;15,9728;15,9856;15,9121
22/07/2015;16,0950;15,9728;15,9856
23/07/2015;16,0988;16,0950;15,9728
24/07/2015;16,2364;16,0988;16,0950
25/07/2015;N/E;N/E;16,0988
26/07/2015;N/E;N/E;16,0988
27/07/2015;16,2681;16,2364;16,0988
28/07/2015;16,2638;16,2681;16,2364
29/07/2015;16,2140;16,2638;16,2681
30/07/2015;16,4512;16,2140;16,2638
31/07/2015;16,0772;16,4512;16,2140
01/08/2015;N/E;N/E;16,4512
02/08/2015;N/E;N/E;16,4512
03/08/2015;16,1129;16,0772;16,4512
04/08/2015;16,1736;16,1129;16,0772
05/08/2015;16,3762;16,1736;16,1129
06/08/2015;16,3533;16,3762;16,1736
07/08/2015;16,1645;16,3533;16,3762
08/08/2015;N/E;N/E;16,3533
09/08/2015;N/E;N/E;16,3533
10/08/2015;16,1652;16,1645;16,3533
11/08/2015;16,3241;16,1652;16,1645
12/08/2015;16,2976;16,3241;16,1652
13/08/2015;16,3541;16,2976;16,3241
14/08/2015;16,3658;16,3541;16,2976
15/08/2015;N/E;N/E;16,3541
16/08/2015;N/E;N/E;16,3541
17/08/2015;16,3993;16,3658;16,3541
18/08/2015;16,4317;16,3993;16,3658
19/08/2015;16,4908;16,4317;16,3993
20/08/2015;16,7182;16,4908;16,4317
21/08/2015;16,9171;16,7182;16,4908
22/08/2015;N/E;N/E;16,7182
23/08/2015;N/E;N/E;16,7182
24/08/2015;17,0975;16,9171;16,7182
25/08/2015;16,9859;17,0975;16,9171
26/08/2015;17,1065;16,9859;17,0975
27/08/2015;16,8863;17,1065;16,9859
28/08/2015;16,7684;16,8863;17,1065
29/08/2015;N/E;N/E;16,8863
30/08/2015;N/E;N/E;16,8863
31/08/2015;16,7829;16,7684;16,8863
01/09/2015;16,8692;16,7829;16,7684
02/09/2015;16,9444;16,8692;16,7829
03/09/2015;16,7918;16,9444;16,8692
04/09/2015;16,8454;16,7918;16,9444
05/09/2015;N/E;N/E;16,7918
06/09/2015;N/E;N/E;16,7918
07/09/2015;16,9880;16,8454;16,7918
08/09/2015;16,7979;16,9880;16,8454
09/09/2015;16,7773;16,7979;16,9880
10/09/2015;16,8103;16,7773;16,7979
11/09/2015;16,8261;16,8103;16,7773
12/09/2015;N/E;N/E;16,8103
13/09/2015;N/E;N/E;16,8103
14/09/2015;16,8168;16,8261;16,8103
15/09/2015;16,7716;16,8168;16,8261
16/09/2015;N/E;N/E;16,8168
17/09/2015;16,5680;16,7716;16,8168
18/09/2015;16,5390;16,5680;16,7716
19/09/2015;N/E;N/E;16,5680
20/09/2015;N/E;N/E;16,5680
21/09/2015;16,6865;16,5390;16,5680
22/09/2015;16,8713;16,6865;16,5390
23/09/2015;17,0453;16,8713;16,6865
24/09/2015;17,1149;17,0453;16,8713
25/09/2015;16,9595;17,1149;17,0453
26/09/2015;N/E;N/E;17,1149
27/09/2015;N/E;N/E;17,1149
28/09/2015;17,0073;16,9595;17,1149
29/09/2015;17,0771;17,0073;16,9595
30/09/2015;16,9053;17,0771;17,0073
01/10/2015;16,8566;16,9053;17,0771
02/10/2015;16,8162;16,8566;16,9053
03/10/2015;N/E;N/E;16,8566
04/10/2015;N/E;N/E;16,8566
05/10/2015;16,6941;16,8162;16,8566
06/10/2015;16,6878;16,6941;16,8162
07/10/2015;16,5762;16,6878;16,6941
08/10/2015;16,5464;16,5762;16,6878
09/10/2015;16,4180;16,5464;16,5762
10/10/2015;N/E;N/E;16,5464
11/10/2015;N/E;N/E;16,5464
12/10/2015;16,4219;16,4180;16,5464
13/10/2015;16,5848;16,4219;16,4180
14/10/2015;16,5804;16,5848;16,4219
15/10/2015;16,4250;16,5804;16,5848
16/10/2015;16,3959;16,4250;16,5804
17/10/2015;N/E;N/E;16,4250
18/10/2015;N/E;N/E;16,4250
19/10/2015;16,4899;16,3959;16,4250
20/10/2015;16,5618;16,4899;16,3959
21/10/2015;16,6600;16,5618;16,4899
22/10/2015;16,5284;16,6600;16,5618
23/10/2015;16,5138;16,5284;16,6600
24/10/2015;N/E;N/E;16,5284
25/10/2015;N/E;N/E;16,5284
26/10/2015;16,4998;16,5138;16,5284
27/10/2015;16,5545;16,4998;16,5138
28/10/2015;16,4503;16,5545;16,4998
29/10/2015;16,6219;16,4503;16,5545
30/10/2015;16,5244;16,6219;16,4503
31/10/2015;N/E;N/E;16,6219
01/11/2015;N/E;N/E;16,6219
02/11/2015;N/E;N/E;16,6219
03/11/2015;16,4196;16,5244;16,6219
04/11/2015;16,5147;16,4196;16,5244
05/11/2015;16,5959;16,5147;16,4196
06/11/2015;16,8382;16,5959;16,5147
07/11/2015;N/E;N/E;16,5959
08/11/2015;N/E;N/E;16,5959
09/11/2015;16,8700;16,8382;16,5959
10/11/2015;16,7658;16,8700;16,8382
11/11/2015;16,7173;16,7658;16,8700
12/11/2015;16,7406;16,7173;16,7658
13/11/2015;16,7395;16,7406;16,7173
14/11/2015;N/E;N/E;16,7406
15/11/2015;N/E;N/E;16,7406
16/11/2015;N/E;N/E;16,7406
17/11/2015;16,7570;16,7395;16,7406
18/11/2015;16,7636;16,7570;16,7395
19/11/2015;16,5748;16,7636;16,7570
20/11/2015;16,5120;16,5748;16,7636
21/11/2015;N/E;N/E;16,5748
22/11/2015;N/E;N/E;16,5748
23/11/2015;16,5306;16,5120;16,5748
24/11/2015;16,4705;16,5306;16,5120
25/11/2015;16,5548;16,4705;16,5306
26/11/2015;16,5492;16,5548;16,4705
27/11/2015;16,5784;16,5492;16,5548
28/11/2015;N/E;N/E;16,5492
29/11/2015;N/E;N/E;16,5492
30/11/2015;16,5856;16,5784;16,5492
01/12/2015;16,5104;16,5856;16,5784
02/12/2015;16,5933;16,5104;16,5856
03/12/2015;16,7095;16,5933;16,5104
04/12/2015;16,6757;16,7095;16,5933
05/12/2015;N/E;N/E;16,7095
06/12/2015;N/E;N/E;16,7095
07/12/2015;16,9044;16,6757;16,7095
08/12/2015;17,0164;16,9044;16,6757
09/12/2015;17,0160;17,0164;16,9044
10/12/2015;17,0750;17,0160;17,0164
11/12/2015;17,3592;17,0750;17,0160
12/12/2015;N/E;N/E;17,0750
13/12/2015;N/E;N/E;17,0750
14/12/2015;17,3776;17,3592;17,0750
15/12/2015;17,1529;17,3776;17,3592
16/12/2015;17,1360;17,1529;17,3776
17/12/2015;17,1000;17,1360;17,1529
18/12/2015;17,0139;17,1000;17,1360
19/12/2015;N/E;N/E;17,1000
20/12/2015;N/E;N/E;17,1000
21/12/2015;17,1034;17,0139;17,1000
22/12/2015;17,1847;17,1034;17,0139
23/12/2015;17,1953;17,1847;17,1034
24/12/2015;17,2760;17,1953;17,1847
25/12/2015;N/E;N/E;17,1953
26/12/2015;N/E;N/E;17,1953
27/12/2015;N/E;N/E;17,1953
28/12/2015;17,2710;17,2760;17,1953
29/12/2015;17,2065;17,2710;17,2760
30/12/2015;17,3398;17,2065;17,2710
31/12/2015;17,2487;17,3398;17,2065
01/01/2016;N/E;N/E;17,3398
02/01/2016;N/E;N/E;17,3398
03/01/2016;N/E;N/E;17,3398
04/01/2016;17,3529;17,2487;17,3398
05/01/2016;17,3456;17,3529;17,2487
06/01/2016;17,4411;17,3456;17,3529
07/01/2016;17,6568;17,4411;17,3456
08/01/2016;17,9283;17,6568;17,4411
09/01/2016;N/E;N/E;17,6568
10/01/2016;N/E;N/E;17,6568
11/01/2016;17,9304;17,9283;17,6568
12/01/2016;17,9119;17,9304;17,9283
13/01/2016;17,8500;17,9119;17,9304
14/01/2016;17,9121;17,8500;17,9119
15/01/2016;18,2108;17,9121;17,8500
16/01/2016;N/E;N/E;17,9121
17/01/2016;N/E;N/E;17,9121
18/01/2016;18,2327;18,2108;17,9121
19/01/2016;18,1947;18,2327;18,2108
20/01/2016;18,6080;18,1947;18,2327
21/01/2016;18,5084;18,6080;18,1947
22/01/2016;18,4280;18,5084;18,6080
23/01/2016;N/E;N/E;18,5084
24/01/2016;N/E;N/E;18,5084
25/01/2016;18,5352;18,4280;18,5084
26/01/2016;18,4715;18,5352;18,4280
27/01/2016;18,4530;18,4715;18,5352
28/01/2016;18,2906;18,4530;18,4715
29/01/2016;18,1935;18,2906;18,4530
30/01/2016;N/E;N/E;18,2906
31/01/2016;N/E;N/E;18,2906
01/02/2016;N/E;N/E;18,2906
02/02/2016;18,4902;18,1935;18,2906
03/02/2016;18,4537;18,4902;18,1935
04/02/2016;18,1891;18,4537;18,4902
05/02/2016;18,3748;18,1891;18,4537
06/02/2016;N/E;N/E;18,1891
07/02/2016;N/E;N/E;18,1891
08/02/2016;18,6959;18,3748;18,1891
09/02/2016;18,7818;18,6959;18,3748
10/02/2016;18,8089;18,7818;18,6959
11/02/2016;19,1754;18,8089;18,7818
12/02/2016;19,0392;19,1754;18,8089
13/02/2016;N/E;N/E;19,1754
14/02/2016;N/E;N/E;19,1754
15/02/2016;18,8471;19,0392;19,1754
16/02/2016;18,8148;18,8471;19,0392
17/02/2016;18,3895;18,8148;18,8471
18/02/2016;18,1439;18,3895;18,8148
19/02/2016;18,2762;18,1439;18,3895
20/02/2016;N/E;N/E;18,1439
21/02/2016;N/E;N/E;18,1439
22/02/2016;18,0568;18,2762;18,1439
23/02/2016;18,1948;18,0568;18,2762
24/02/2016;18,2893;18,1948;18,0568
25/02/2016;18,1680;18,2893;18,1948
26/02/2016;18,1706;18,1680;18,2893
27/02/2016;N/E;N/E;18,1680
28/02/2016;N/E;N/E;18,1680
29/02/2016;18,1020;18,1706;18,1680
01/03/2016;17,9432;18,1020;18,1706
02/03/2016;17,8561;17,9432;18,1020
03/03/2016;17,8971;17,8561;17,9432
04/03/2016;17,7723;17,8971;17,8561
05/03/2016;N/E;N/E;17,8971
06/03/2016;N/E;N/E;17,8971
07/03/2016;17,7526;17,7723;17,8971
08/03/2016;17,9044;17,7526;17,7723
09/03/2016;17,7523;17,9044;17,7526
10/03/2016;17,8601;17,7523;17,9044
11/03/2016;17,7002;17,8601;17,7523
12/03/2016;N/E;N/E;17,8601
13/03/2016;N/E;N/E;17,8601
14/03/2016;17,7691;17,7002;17,8601
15/03/2016;17,9260;17,7691;17,7002
16/03/2016;17,9308;17,9260;17,7691
17/03/2016;17,4034;17,9308;17,9260
18/03/2016;17,2995;17,4034;17,9308
19/03/2016;N/E;N/E;17,4034
20/03/2016;N/E;N/E;17,4034
21/03/2016;N/E;N/E;17,4034
22/03/2016;17,3361;17,2995;17,4034
23/03/2016;17,5273;17,3361;17,2995
24/03/2016;N/E;N/E;17,3361
25/03/2016;N/E;N/E;17,3361
26/03/2016;N/E;N/E;17,3361
27/03/2016;N/E;N/E;17,3361
28/03/2016;17,4610;17,5273;17,3361
29/03/2016;17,4015;17,4610;17,5273
30/03/2016;17,2509;17,4015;17,4610
31/03/2016;17,2370;17,2509;17,4015
01/04/2016;17,3338;17,2370;17,2509
02/04/2016;N/E;N/E;17,2370
03/04/2016;N/E;N/E;17,2370
04/04/2016;17,4484;17,3338;17,2370
05/04/2016;17,7252;17,4484;17,3338
06/04/2016;17,7286;17,7252;17,4484
07/04/2016;17,8930;17,7286;17,7252
08/04/2016;17,7391;17,8930;17,7286
09/04/2016;N/E;N/E;17,8930
10/04/2016;N/E;N/E;17,8930
11/04/2016;17,6452;17,7391;17,8930
12/04/2016;17,5719;17,6452;17,7391
13/04/2016;17,4900;17,5719;17,6452
14/04/2016;17,3880;17,4900;17,5719
15/04/2016;17,5669;17,3880;17,4900
16/04/2016;N/E;N/E;17,3880
17/04/2016;N/E;N/E;17,3880
18/04/2016;17,4598;17,5669;17,3880
19/04/2016;17,2825;17,4598;17,5669
20/04/2016;17,3078;17,2825;17,4598
21/04/2016;17,4202;17,3078;17,2825
22/04/2016;17,4359;17,4202;17,3078
23/04/2016;N/E;N/E;17,4202
24/04/2016;N/E;N/E;17,4202
25/04/2016;17,5866;17,4359;17,4202
26/04/2016;17,4298;17,5866;17,4359
27/04/2016;17,3993;17,4298;17,5866
28/04/2016;17,2125;17,3993;17,4298
29/04/2016;17,1767;17,2125;17,3993
30/04/2016;N/E;N/E;17,2125
01/05/2016;N/E;N/E;17,2125
02/05/2016;17,2279;17,1767;17,2125
03/05/2016;17,5234;17,2279;17,1767
04/05/2016;17,7358;17,5234;17,2279
05/05/2016;17,7866;17,7358;17,5234
06/05/2016;17,9204;17,7866;17,7358
07/05/2016;N/E;N/E;17,7866
08/05/2016;N/E;N/E;17,7866
09/05/2016;18,1033;17,9204;17,7866
10/05/2016;18,0205;18,1033;17,9204
11/05/2016;17,9549;18,0205;18,1033
12/05/2016;17,9915;17,9549;18,0205
13/05/2016;18,1562;17,9915;17,9549
14/05/2016;N/E;N/E;17,9915
15/05/2016;N/E;N/E;17,9915
16/05/2016;18,1795;18,1562;17,9915
17/05/2016;18,3217;18,1795;18,1562
18/05/2016;18,3761;18,3217;18,1795
19/05/2016;18,5465;18,3761;18,3217
20/05/2016;18,3826;18,5465;18,3761
21/05/2016;N/E;N/E;18,5465
22/05/2016;N/E;N/E;18,5465
23/05/2016;18,4444;18,3826;18,5465
24/05/2016;18,4694;18,4444;18,3826
25/05/2016;18,4520;18,4694;18,4444
26/05/2016;18,4572;18,4520;18,4694
27/05/2016;18,4527;18,4572;18,4520
28/05/2016;N/E;N/E;18,4572
29/05/2016;N/E;N/E;18,4572
30/05/2016;18,4777;18,4527;18,4572
31/05/2016;18,4118;18,4777;18,4527
01/06/2016;18,5299;18,4118;18,4777
02/06/2016;18,6097;18,5299;18,4118
03/06/2016;18,6283;18,6097;18,5299
04/06/2016;N/E;N/E;18,6097
05/06/2016;N/E;N/E;18,6097
06/06/2016;18,5889;18,6283;18,6097
07/06/2016;18,5067;18,5889;18,6283
08/06/2016;18,1491;18,5067;18,5889
09/06/2016;18,2742;18,1491;18,5067
10/06/2016;18,5046;18,2742;18,1491
11/06/2016;N/E;N/E;18,2742
12/06/2016;N/E;N/E;18,2742
13/06/2016;18,7915;18,5046;18,2742
14/06/2016;18,9814;18,7915;18,5046
15/06/2016;18,8672;18,9814;18,7915
16/06/2016;18,9968;18,8672;18,9814
17/06/2016;18,8527;18,9968;18,8672
18/06/2016;N/E;N/E;18,9968
19/06/2016;N/E;N/E;18,9968
20/06/2016;18,6559;18,8527;18,9968
21/06/2016;18,6444;18,6559;18,8527
22/06/2016;18,5325;18,6444;18,6559
23/06/2016;18,3207;18,5325;18,6444
24/06/2016;18,8716;18,3207;18,5325
25/06/2016;N/E;N/E;18,3207
26/06/2016;N/E;N/E;18,3207
27/06/2016;19,1283;18,8716;18,3207
28/06/2016;18,9113;19,1283;18,8716
29/06/2016;18,5550;18,9113;19,1283
30/06/2016;18,4646;18,5550;18,9113
01/07/2016;18,3090;18,4646;18,5550
02/07/2016;N/E;N/E;18,4646
03/07/2016;N/E;N/E;18,4646
04/07/2016;18,3858;18,3090;18,4646
05/07/2016;18,7536;18,3858;18,3090
06/07/2016;18,8161;18,7536;18,3858
07/07/2016;18,8607;18,8161;18,7536
08/07/2016;18,5991;18,8607;18,8161
09/07/2016;N/E;N/E;18,8607
10/07/2016;N/E;N/E;18,8607
11/07/2016;18,4597;18,5991;18,8607
12/07/2016;18,3006;18,4597;18,5991
13/07/2016;18,3937;18,3006;18,4597
14/07/2016;18,3061;18,3937;18,3006
15/07/2016;18,4920;18,3061;18,3937
16/07/2016;N/E;N/E;18,3061
17/07/2016;N/E;N/E;18,3061
18/07/2016;18,4879;18,4920;18,3061
19/07/2016;18,5719;18,4879;18,4920
20/07/2016;18,5729;18,5719;18,4879
21/07/2016;18,6022;18,5729;18,5719
22/07/2016;18,6089;18,6022;18,5729
23/07/2016;N/E;N/E;18,6022
24/07/2016;N/E;N/E;18,6022
25/07/2016;18,7569;18,6089;18,6022
26/07/2016;18,8114;18,7569;18,6089
27/07/2016;18,8602;18,8114;18,7569
28/07/2016;18,8979;18,8602;18,8114
29/07/2016;18,7837;18,8979;18,8602
30/07/2016;N/E;N/E;18,8979
31/07/2016;N/E;N/E;18,8979
01/08/2016;18,8504;18,7837;18,8979
02/08/2016;18,8966;18,8504;18,7837
03/08/2016;18,9117;18,8966;18,8504
04/08/2016;18,8612;18,9117;18,8966
05/08/2016;18,8691;18,8612;18,9117
06/08/2016;N/E;N/E;18,8612
07/08/2016;N/E;N/E;18,8612
08/08/2016;18,5716;18,8691;18,8612
09/08/2016;18,3842;18,5716;18,8691
10/08/2016;18,3479;18,3842;18,5716
11/08/2016;18,2678;18,3479;18,3842
12/08/2016;18,2455;18,2678;18,3479
13/08/2016;N/E;N/E;18,2678
14/08/2016;N/E;N/E;18,2678
15/08/2016;18,0363;18,2455;18,2678
16/08/2016;17,9869;18,0363;18,2455
17/08/2016;18,2598;17,9869;18,0363
18/08/2016;18,0832;18,2598;17,9869
19/08/2016;18,2674;18,0832;18,2598
20/08/2016;N/E;N/E;18,0832
21/08/2016;N/E;N/E;18,0832
22/08/2016;18,3023;18,2674;18,0832
23/08/2016;18,3202;18,3023;18,2674
24/08/2016;18,4971;18,3202;18,3023
25/08/2016;18,4460;18,4971;18,3202
26/08/2016;18,2830;18,4460;18,4971
27/08/2016;N/E;N/E;18,4460
28/08/2016;N/E;N/E;18,4460
29/08/2016;18,5773;18,2830;18,4460
30/08/2016;18,7953;18,5773;18,2830
31/08/2016;18,8611;18,7953;18,5773
01/09/2016;18,8523;18,8611;18,7953
02/09/2016;18,6589;18,8523;18,8611
03/09/2016;N/E;N/E;18,8523
04/09/2016;N/E;N/E;18,8523
05/09/2016;18,5581;18,6589;18,8523
06/09/2016;18,3524;18,5581;18,6589
07/09/2016;18,3689;18,3524;18,5581
08/09/2016;18,5427;18,3689;18,3524
09/09/2016;18,8451;18,5427;18,3689
10/09/2016;N/E;N/E;18,5427
11/09/2016;N/E;N/E;18,5427
12/09/2016;19,0646;18,8451;18,5427
13/09/2016;19,1520;19,0646;18,8451
14/09/2016;19,2275;19,1520;19,0646
15/09/2016;19,2514;19,2275;19,1520
16/09/2016;N/E;N/E;19,2275
17/09/2016;N/E;N/E;19,2275
18/09/2016;N/E;N/E;19,2275
19/09/2016;19,6097;19,2514;19,2275
20/09/2016;19,7770;19,6097;19,2514
21/09/2016;19,8394;19,7770;19,6097
22/09/2016;19,5965;19,8394;19,7770
23/09/2016;19,7211;19,5965;19,8394
24/09/2016;N/E;N/E;19,5965
25/09/2016;N/E;N/E;19,5965
26/09/2016;19,8322;19,7211;19,5965
27/09/2016;19,5044;19,8322;19,7211
28/09/2016;19,5002;19,5044;19,8322
29/09/2016;19,4086;19,5002;19,5044
30/09/2016;19,3776;19,4086;19,5002
01/10/2016;N/E;N/E;19,4086
02/10/2016;N/E;N/E;19,4086
03/10/2016;19,3211;19,3776;19,4086
04/10/2016;19,2138;19,3211;19,3776
05/10/2016;19,2554;19,2138;19,3211
06/10/2016;19,2433;19,2554;19,2138
07/10/2016;19,2994;19,2433;19,2554
08/10/2016;N/E;N/E;19,2433
09/10/2016;N/E;N/E;19,2433
10/10/2016;18,8786;19,2994;19,2433
11/10/2016;18,9531;18,8786;19,2994
12/10/2016;18,9622;18,9531;18,8786
13/10/2016;19,0399;18,9622;18,9531
14/10/2016;19,0046;19,0399;18,9622
15/10/2016;N/E;N/E;19,0399
16/10/2016;N/E;N/E;19,0399
17/10/2016;18,8723;19,0046;19,0399
18/10/2016;18,6726;18,8723;19,0046
19/10/2016;18,5894;18,6726;18,8723
20/10/2016;18,5945;18,5894;18,6726
21/10/2016;18,6481;18,5945;18,5894
22/10/2016;N/E;N/E;18,5945
23/10/2016;N/E;N/E;18,5945
24/10/2016;18,5658;18,6481;18,5945
25/10/2016;18,5147;18,5658;18,6481
26/10/2016;18,6485;18,5147;18,5658
27/10/2016;18,8443;18,6485;18,5147
28/10/2016;18,7304;18,8443;18,6485
29/10/2016;N/E;N/E;18,8443
30/10/2016;N/E;N/E;18,8443
31/10/2016;18,8887;18,7304;18,8443
01/11/2016;19,1306;18,8887;18,7304
02/11/2016;N/E;N/E;18,8887
03/11/2016;19,2014;19,1306;18,8887
04/11/2016;19,0792;19,2014;19,1306
05/11/2016;N/E;N/E;19,2014
06/11/2016;N/E;N/E;19,2014
07/11/2016;18,6192;19,0792;19,2014
08/11/2016;18,5089;18,6192;19,0792
09/11/2016;19,9250;18,5089;18,6192
10/11/2016;20,4812;19,9250;18,5089
11/11/2016;21,0511;20,4812;19,9250
12/11/2016;N/E;N/E;20,4812
13/11/2016;N/E;N/E;20,4812
14/11/2016;20,8729;21,0511;20,4812
15/11/2016;20,3490;20,8729;21,0511
16/11/2016;20,2884;20,3490;20,8729
17/11/2016;20,1898;20,2884;20,3490
18/11/2016;20,4193;20,1898;20,2884
19/11/2016;N/E;N/E;20,1898
20/11/2016;N/E;N/E;20,1898
21/11/2016;N/E;N/E;20,1898
22/11/2016;20,5205;20,4193;20,1898
23/11/2016;20,6901;20,5205;20,4193
24/11/2016;20,7051;20,6901;20,5205
25/11/2016;20,6475;20,7051;20,6901
26/11/2016;N/E;N/E;20,7051
27/11/2016;N/E;N/E;20,7051
28/11/2016;20,5521;20,6475;20,7051
29/11/2016;20,6225;20,5521;20,6475
30/11/2016;20,5155;20,6225;20,5521
01/12/2016;20,7488;20,5155;20,6225
02/12/2016;20,6149;20,7488;20,5155
03/12/2016;N/E;N/E;20,7488
04/12/2016;N/E;N/E;20,7488
05/12/2016;20,5927;20,6149;20,7488
06/12/2016;20,3863;20,5927;20,6149
07/12/2016;20,2967;20,3863;20,5927
08/12/2016;20,4162;20,2967;20,3863
09/12/2016;20,3305;20,4162;20,2967
10/12/2016;N/E;N/E;20,4162
11/12/2016;N/E;N/E;20,4162
12/12/2016;N/E;N/E;20,4162
13/12/2016;20,2567;20,3305;20,4162
14/12/2016;20,2226;20,2567;20,3305
15/12/2016;20,5973;20,2226;20,2567
16/12/2016;20,4280;20,5973;20,2226
17/12/2016;N/E;N/E;20,5973
18/12/2016;N/E;N/E;20,5973
19/12/2016;20,4098;20,4280;20,5973
20/12/2016;20,4300;20,4098;20,4280
21/12/2016;20,4921;20,4300;20,4098
22/12/2016;20,7179;20,4921;20,4300
23/12/2016;20,6271;20,7179;20,4921
24/12/2016;N/E;N/E;20,7179
25/12/2016;N/E;N/E;20,7179
26/12/2016;20,6445;20,6271;20,7179
27/12/2016;20,7052;20,6445;20,6271
28/12/2016;20,7314;20,7052;20,6445
29/12/2016;20,6640;20,7314;20,7052
30/12/2016;20,6194;20,6640;20,7314
31/12/2016;N/E;N/E;20,6640
01/01/2017;N/E;N/E;20,6640
02/01/2017;20,7323;20,6194;20,6640
03/01/2017;20,8520;20,7323;20,6194
04/01/2017;21,3799;20,8520;20,7323
05/01/2017;21,3661;21,3799;20,8520
06/01/2017;21,3144;21,3661;21,3799
07/01/2017;N/E;N/E;21,3661
08/01/2017;N/E;N/E;21,3661
09/01/2017;21,3219;21,3144;21,3661
10/01/2017;21,6168;21,3219;21,3144
11/01/2017;21,9076;21,6168;21,3219
12/01/2017;21,7204;21,9076;21,6168
13/01/2017;21,6330;21,7204;21,9076
14/01/2017;N/E;N/E;21,7204
15/01/2017;N/E;N/E;21,7204
16/01/2017;21,6643;21,6330;21,7204
17/01/2017;21,5738;21,6643;21,6330
18/01/2017;21,8514;21,5738;21,6643
19/01/2017;21,9044;21,8514;21,5738
20/01/2017;21,7002;21,9044;21,8514
21/01/2017;N/E;N/E;21,9044
22/01/2017;N/E;N/E;21,9044
23/01/2017;21,4512;21,7002;21,9044
24/01/2017;21,3692;21,4512;21,7002
25/01/2017;21,3439;21,3692;21,4512
26/01/2017;21,2024;21,3439;21,3692
27/01/2017;21,0212;21,2024;21,3439
28/01/2017;N/E;N/E;21,2024
29/01/2017;N/E;N/E;21,2024
30/01/2017;20,7588;21,0212;21,2024
31/01/2017;20,7908;20,7588;21,0212
01/02/2017;20,7752;20,7908;20,7588
02/02/2017;20,5757;20,7752;20,7908
03/02/2017;20,3439;20,5757;20,7752
04/02/2017;N/E;N/E;20,5757
05/02/2017;N/E;N/E;20,5757
06/02/2017;N/E;N/E;20,5757
07/02/2017;20,6370;20,3439;20,5757
08/02/2017;20,4994;20,6370;20,3439
09/02/2017;20,4163;20,4994;20,6370
10/02/2017;20,3535;20,4163;20,4994
11/02/2017;N/E;N/E;20,4163
12/02/2017;N/E;N/E;20,4163
13/02/2017;20,3280;20,3535;20,4163
14/02/2017;20,3507;20,3280;20,3535
15/02/2017;20,3254;20,3507;20,3280
16/02/2017;20,3325;20,3254;20,3507
17/02/2017;20,4526;20,3325;20,3254
18/02/2017;N/E;N/E;20,3325
19/02/2017;N/E;N/E;20,3325
20/02/2017;20,4059;20,4526;20,3325
21/02/2017;20,4489;20,4059;20,4526
22/02/2017;19,9127;20,4489;20,4059
23/02/2017;19,7011;19,9127;20,4489
24/02/2017;19,8335;19,7011;19,9127
25/02/2017;N/E;N/E;19,7011
26/02/2017;N/E;N/E;19,7011
27/02/2017;19,8322;19,8335;19,7011
28/02/2017;19,9957;19,8322;19,8335
01/03/2017;19,9007;19,9957;19,8322
02/03/2017;19,9373;19,9007;19,9957
03/03/2017;19,6147;19,9373;19,9007
04/03/2017;N/E;N/E;19,9373
05/03/2017;N/E;N/E;19,9373
06/03/2017;19,5538;19,6147;19,9373
07/03/2017;19,5210;19,5538;19,6147
08/03/2017;19,6007;19,5210;19,5538
09/03/2017;19,7974;19,6007;19,5210
10/03/2017;19,6279;19,7974;19,6007
11/03/2017;N/E;N/E;19,7974
12/03/2017;N/E;N/E;19,7974
13/03/2017;19,5803;19,6279;19,7974
14/03/2017;19,6543;19,5803;19,6279
15/03/2017;19,4493;19,6543;19,5803
16/03/2017;19,1730;19,4493;19,6543
17/03/2017;19,1170;19,1730;19,4493
18/03/2017;N/E;N/E;19,1730
19/03/2017;N/E;N/E;19,1730
20/03/2017;N/E;N/E;19,1730
21/03/2017;19,1070;19,1170;19,1730
22/03/2017;19,0837;19,1070;19,1170
23/03/2017;18,9877;19,0837;19,1070
24/03/2017;18,8528;18,9877;19,0837
25/03/2017;N/E;N/E;18,9877
26/03/2017;N/E;N/E;18,9877
27/03/2017;18,8661;18,8528;18,9877
28/03/2017;18,8853;18,8661;18,8528
29/03/2017;18,8092;18,8853;18,8661
30/03/2017;18,7079;18,8092;18,8853
31/03/2017;18,7955;18,7079;18,8092
01/04/2017;N/E;N/E;18,7079
02/04/2017;N/E;N/E;18,7079
03/04/2017;18,7320;18,7955;18,7079
04/04/2017;18,8334;18,7320;18,7955
05/04/2017;18,7192;18,8334;18,7320
06/04/2017;18,7696;18,7192;18,8334
07/04/2017;18,6560;18,7696;18,7192
08/04/2017;N/E;N/E;18,7696
09/04/2017;N/E;N/E;18,7696
10/04/2017;18,6923;18,6560;18,7696
11/04/2017;18,7646;18,6923;18,6560
12/04/2017;18,7528;18,7646;18,6923
13/04/2017;N/E;N/E;18,7646
14/04/2017;N/E;N/E;18,7646
15/04/2017;N/E;N/E;18,7646
16/04/2017;N/E;N/E;18,7646
17/04/2017;18,5582;18,7528;18,7646
18/04/2017;18,4863;18,5582;18,7528
19/04/2017;18,8374;18,4863;18,5582
20/04/2017;18,8187;18,8374;18,4863
21/04/2017;18,8413;18,8187;18,8374
22/04/2017;N/E;N/E;18,8187
23/04/2017;N/E;N/E;18,8187
24/04/2017;18,6521;18,8413;18,8187
25/04/2017;18,9225;18,6521;18,8413
26/04/2017;19,1119;18,9225;18,6521
27/04/2017;19,0670;19,1119;18,9225
28/04/2017;18,9594;19,0670;19,1119
29/04/2017;N/E;N/E;19,0670
30/04/2017;N/E;N/E;19,0670
01/05/2017;N/E;N/E;19,0670
02/05/2017;18,7731;18,9594;19,0670
03/05/2017;18,8031;18,7731;18,9594
04/05/2017;19,0019;18,8031;18,7731
05/05/2017;19,0137;19,0019;18,8031
06/05/2017;N/E;N/E;19,0019
07/05/2017;N/E;N/E;19,0019
08/05/2017;19,1164;19,0137;19,0019
09/05/2017;19,1364;19,1164;19,0137
10/05/2017;18,9587;19,1364;19,1164
11/05/2017;18,9039;18,9587;19,1364
12/05/2017;18,7594;18,9039;18,9587
13/05/2017;N/E;N/E;18,9039
14/05/2017;N/E;N/E;18,9039
15/05/2017;18,6700;18,7594;18,9039
16/05/2017;18,6183;18,6700;18,7594
17/05/2017;18,6761;18,6183;18,6700
18/05/2017;18,8898;18,6761;18,6183
19/05/2017;18,6859;18,8898;18,6761
20/05/2017;N/E;N/E;18,8898
21/05/2017;N/E;N/E;18,8898
22/05/2017;18,6633;18,6859;18,8898
23/05/2017;18,6150;18,6633;18,6859
24/05/2017;18,5689;18,6150;18,6633
25/05/2017;18,4185;18,5689;18,6150
26/05/2017;18,4849;18,4185;18,5689
27/05/2017;N/E;N/E;18,4185
28/05/2017;N/E;N/E;18,4185
29/05/2017;18,5121;18,4849;18,4185
30/05/2017;18,6643;18,5121;18,4849
31/05/2017;18,6909;18,6643;18,5121
01/06/2017;18,5941;18,6909;18,6643
02/06/2017;18,6204;18,5941;18,6909
03/06/2017;N/E;N/E;18,5941
04/06/2017;N/E;N/E;18,5941
05/06/2017;18,3819;18,6204;18,5941
06/06/2017;18,2762;18,3819;18,6204
07/06/2017;18,2278;18,2762;18,3819
08/06/2017;18,1946;18,2278;18,2762
09/06/2017;18,1939;18,1946;18,2278
10/06/2017;N/E;N/E;18,1946
11/06/2017;N/E;N/E;18,1946
12/06/2017;18,1802;18,1939;18,1946
13/06/2017;18,0725;18,1802;18,1939
14/06/2017;17,9343;18,0725;18,1802
15/06/2017;18,1154;17,9343;18,0725
16/06/2017;17,9321;18,1154;17,9343
17/06/2017;N/E;N/E;18,1154
18/06/2017;N/E;N/E;18,1154
19/06/2017;17,9519;17,9321;18,1154
20/06/2017;18,1167;17,9519;17,9321
21/06/2017;18,1570;18,1167;17,9519
22/06/2017;18,1270;18,1570;18,1167
23/06/2017;17,9900;18,1270;18,1570
24/06/2017;N/E;N/E;18,1270
25/06/2017;N/E;N/E;18,1270
26/06/2017;17,8775;17,9900;18,1270
27/06/2017;17,9862;17,8775;17,9900
28/06/2017;17,8973;17,9862;17,8775
29/06/2017;18,0279;17,8973;17,9862
30/06/2017;18,0626;18,0279;17,8973
01/07/2017;N/E;N/E;18,0279
02/07/2017;N/E;N/E;18,0279
03/07/2017;18,2064;18,0626;18,0279
04/07/2017;18,2036;18,2064;18,0626
05/07/2017;18,3556;18,2036;18,2064
06/07/2017;18,3227;18,3556;18,2036
07/07/2017;18,1394;18,3227;18,3556
08/07/2017;N/E;N/E;18,3227
09/07/2017;N/E;N/E;18,3227
10/07/2017;17,9751;18,1394;18,3227
11/07/2017;17,9482;17,9751;18,1394
12/07/2017;17,7708;17,9482;17,9751
13/07/2017;17,7422;17,7708;17,9482
14/07/2017;17,5613;17,7422;17,7708
15/07/2017;N/E;N/E;17,7422
16/07/2017;N/E;N/E;17,7422
17/07/2017;17,5836;17,5613;17,7422
18/07/2017;17,5134;17,5836;17,5613
19/07/2017;17,4937;17,5134;17,5836
20/07/2017;17,5260;17,4937;17,5134
21/07/2017;17,5618;17,5260;17,4937
22/07/2017;N/E;N/E;17,5260
23/07/2017;N/E;N/E;17,5260
24/07/2017;17,6893;17,5618;17,5260
25/07/2017;17,7492;17,6893;17,5618
26/07/2017;17,7561;17,7492;17,6893
27/07/2017;17,6886;17,7561;17,7492
28/07/2017;17,7435;17,6886;17,7561
29/07/2017;N/E;N/E;17,6886
30/07/2017;N/E;N/E;17,6886
31/07/2017;17,8646;17,7435;17,6886
01/08/2017;17,8108;17,8646;17,7435
02/08/2017;17,8696;17,8108;17,8646
03/08/2017;17,8733;17,8696;17,8108
04/08/2017;17,8798;17,8733;17,8696
05/08/2017;N/E;N/E;17,8733
06/08/2017;N/E;N/E;17,8733
07/08/2017;17,9641;17,8798;17,8733
08/08/2017;17,9160;17,9641;17,8798
09/08/2017;17,9671;17,9160;17,9641
10/08/2017;17,9073;17,9671;17,9160
11/08/2017;17,8470;17,9073;17,9671
12/08/2017;N/E;N/E;17,9073
13/08/2017;N/E;N/E;17,9073
14/08/2017;17,7755;17,8470;17,9073
15/08/2017;17,8483;17,7755;17,8470
16/08/2017;17,7160;17,8483;17,7755
17/08/2017;17,7324;17,7160;17,8483
18/08/2017;17,8584;17,7324;17,7160
19/08/2017;N/E;N/E;17,7324
20/08/2017;N/E;N/E;17,7324
21/08/2017;17,6501;17,8584;17,7324
22/08/2017;17,6458;17,6501;17,8584
23/08/2017;17,7113;17,6458;17,6501
24/08/2017;17,6977;17,7113;17,6458
25/08/2017;17,6205;17,6977;17,7113
26/08/2017;N/E;N/E;17,6977
27/08/2017;N/E;N/E;17,6977
28/08/2017;17,8049;17,6205;17,6977
29/08/2017;17,8760;17,8049;17,6205
30/08/2017;17,7753;17,8760;17,8049
31/08/2017;17,8145;17,7753;17,8760
01/09/2017;17,7861;17,8145;17,7753
02/09/2017;N/E;N/E;17,8145
03/09/2017;N/E;N/E;17,8145
04/09/2017;17,8683;17,7861;17,8145
05/09/2017;17,8360;17,8683;17,7861
06/09/2017;17,8136;17,8360;17,8683
07/09/2017;17,6965;17,8136;17,8360
08/09/2017;17,7331;17,6965;17,8136
09/09/2017;N/E;N/E;17,6965
10/09/2017;N/E;N/E;17,6965
11/09/2017;17,6443;17,7331;17,6965
12/09/2017;17,7810;17,6443;17,7331
13/09/2017;17,7836;17,7810;17,6443
14/09/2017;17,7278;17,7836;17,7810
15/09/2017;17,6857;17,7278;17,7836
16/09/2017;N/E;N/E;17,7278
17/09/2017;N/E;N/E;17,7278
18/09/2017;17,7610;17,6857;17,7278
19/09/2017;17,7643;17,7610;17,6857
20/09/2017;17,7009;17,7643;17,7610
21/09/2017;17,8545;17,7009;17,7643
22/09/2017;17,7487;17,8545;17,7009
23/09/2017;N/E;N/E;17,8545
24/09/2017;N/E;N/E;17,8545
25/09/2017;17,8831;17,7487;17,8545
26/09/2017;17,9933;17,8831;17,7487
27/09/2017;18,1300;17,9933;17,8831
28/09/2017;18,1979;18,1300;17,9933
29/09/2017;18,1590;18,1979;18,1300
30/09/2017;N/E;N/E;18,1979
01/10/2017;N/E;N/E;18,1979
02/10/2017;18,2337;18,1590;18,1979
03/10/2017;18,2113;18,2337;18,1590
04/10/2017;18,2282;18,2113;18,2337
05/10/2017;18,3060;18,2282;18,2113
06/10/2017;18,5522;18,3060;18,2282
07/10/2017;N/E;N/E;18,3060
08/10/2017;N/E;N/E;18,3060
09/10/2017;18,6646;18,5522;18,3060
10/10/2017;18,6327;18,6646;18,5522
11/10/2017;18,7180;18,6327;18,6646
12/10/2017;18,7631;18,7180;18,6327
13/10/2017;18,9008;18,7631;18,7180
14/10/2017;N/E;N/E;18,7631
15/10/2017;N/E;N/E;18,7631
16/10/2017;19,0753;18,9008;18,7631
17/10/2017;19,0117;19,0753;18,9008
18/10/2017;18,8869;19,0117;19,0753
19/10/2017;18,8248;18,8869;19,0117
20/10/2017;19,0080;18,8248;18,8869
21/10/2017;N/E;N/E;18,8248
22/10/2017;N/E;N/E;18,8248
23/10/2017;19,0489;19,0080;18,8248
24/10/2017;19,2009;19,0489;19,0080
25/10/2017;19,0770;19,2009;19,0489
26/10/2017;19,0960;19,0770;19,2009
27/10/2017;19,1474;19,0960;19,0770
28/10/2017;N/E;N/E;19,0960
29/10/2017;N/E;N/E;19,0960
30/10/2017;19,2188;19,1474;19,0960
31/10/2017;19,1478;19,2188;19,1474
01/11/2017;19,1241;19,1478;19,2188
02/11/2017;N/E;N/E;19,1478
03/11/2017;19,1850;19,1241;19,1478
04/11/2017;N/E;N/E;19,1241
05/11/2017;N/E;N/E;19,1241
06/11/2017;19,0814;19,1850;19,1241
07/11/2017;19,1349;19,0814;19,1850
08/11/2017;19,0718;19,1349;19,0814
09/11/2017;19,0900;19,0718;19,1349
10/11/2017;19,0526;19,0900;19,0718
11/11/2017;N/E;N/E;19,0900
12/11/2017;N/E;N/E;19,0900
13/11/2017;19,1680;19,0526;19,0900
14/11/2017;19,1334;19,1680;19,0526
15/11/2017;19,2268;19,1334;19,1680
16/11/2017;19,1224;19,2268;19,1334
17/11/2017;18,9724;19,1224;19,2268
18/11/2017;N/E;N/E;19,1224
19/11/2017;N/E;N/E;19,1224
20/11/2017;N/E;N/E;19,1224
21/11/2017;18,8242;18,9724;19,1224
22/11/2017;18,7400;18,8242;18,9724
23/11/2017;18,6041;18,7400;18,8242
24/11/2017;18,5379;18,6041;18,7400
25/11/2017;N/E;N/E;18,6041
26/11/2017;N/E;N/E;18,6041
27/11/2017;18,5200;18,5379;18,6041
28/11/2017;18,5848;18,5200;18,5379
29/11/2017;18,5190;18,5848;18,5200
30/11/2017;18,6229;18,5190;18,5848
01/12/2017;18,6399;18,6229;18,5190
02/12/2017;N/E;N/E;18,6229
03/12/2017;N/E;N/E;18,6229
04/12/2017;18,6420;18,6399;18,6229
05/12/2017;18,6958;18,6420;18,6399
06/12/2017;18,8897;18,6958;18,6420
07/12/2017;18,9315;18,8897;18,6958
08/12/2017;18,9445;18,9315;18,8897
09/12/2017;N/E;N/E;18,9315
10/12/2017;N/E;N/E;18,9315
11/12/2017;18,9740;18,9445;18,9315
12/12/2017;N/E;N/E;18,9445
13/12/2017;19,1391;18,9740;18,9445
14/12/2017;19,1202;19,1391;18,9740
15/12/2017;19,1289;19,1202;19,1391
16/12/2017;N/E;N/E;19,1202
17/12/2017;N/E;N/E;19,1202
18/12/2017;19,0289;19,1289;19,1202
19/12/2017;19,1913;19,0289;19,1289
20/12/2017;19,2291;19,1913;19,0289
21/12/2017;19,3962;19,2291;19,1913
22/12/2017;19,5848;19,3962;19,2291
23/12/2017;N/E;N/E;19,3962
24/12/2017;N/E;N/E;19,3962
25/12/2017;N/E;N/E;19,3962
26/12/2017;19,7223;19,5848;19,3962
27/12/2017;19,7867;19,7223;19,5848
28/12/2017;19,7354;19,7867;19,7223
29/12/2017;19,6629;19,7354;19,7867
30/12/2017;N/E;N/E;19,7354
31/12/2017;N/E;N/E;19,7354
01/01/2018;N/E;N/E;19,7354
02/01/2018;19,4899;19,6629;19,7354
03/01/2018;19,3717;19,4899;19,6629
04/01/2018;19,2427;19,3717;19,4899
05/01/2018;19,2737;19,2427;19,3717
06/01/2018;N/E;N/E;19,2427
07/01/2018;N/E;N/E;19,2427
08/01/2018;19,2323;19,2737;19,2427
09/01/2018;19,3065;19,2323;19,2737
10/01/2018;19,2405;19,3065;19,2323
11/01/2018;19,3433;19,2405;19,3065
12/01/2018;19,0446;19,3433;19,2405
13/01/2018;N/E;N/E;19,3433
14/01/2018;N/E;N/E;19,3433
15/01/2018;18,8113;19,0446;19,3433
16/01/2018;18,8362;18,8113;19,0446
17/01/2018;18,6550;18,8362;18,8113
18/01/2018;18,6361;18,6550;18,8362
19/01/2018;18,5813;18,6361;18,6550
20/01/2018;N/E;N/E;18,6361
21/01/2018;N/E;N/E;18,6361
22/01/2018;18,7118;18,5813;18,6361
23/01/2018;18,7980;18,7118;18,5813
24/01/2018;18,5178;18,7980;18,7118
25/01/2018;18,4780;18,5178;18,7980
26/01/2018;18,4672;18,4780;18,5178
27/01/2018;N/E;N/E;18,4780
28/01/2018;N/E;N/E;18,4780
29/01/2018;18,6196;18,4672;18,4780
30/01/2018;18,6982;18,6196;18,4672
31/01/2018;18,6069;18,6982;18,6196
01/02/2018;18,4004;18,6069;18,6982
02/02/2018;18,5248;18,4004;18,6069
03/02/2018;N/E;N/E;18,4004
04/02/2018;N/E;N/E;18,4004
05/02/2018;N/E;N/E;18,4004
06/02/2018;18,7009;18,5248;18,4004
07/02/2018;18,6492;18,7009;18,5248
08/02/2018;18,8815;18,6492;18,7009
09/02/2018;18,8623;18,8815;18,6492
10/02/2018;N/E;N/E;18,8815
11/02/2018;N/E;N/E;18,8815
12/02/2018;18,6703;18,8623;18,8815
13/02/2018;18,6269;18,6703;18,8623
14/02/2018;18,6025;18,6269;18,6703
15/02/2018;18,5159;18,6025;18,6269
16/02/2018;18,4797;18,5159;18,6025
17/02/2018;N/E;N/E;18,5159
18/02/2018;N/E;N/E;18,5159
19/02/2018;18,5360;18,4797;18,5159
20/02/2018;18,6594;18,5360;18,4797
21/02/2018;18,6518;18,6594;18,5360
22/02/2018;18,6574;18,6518;18,6594
23/02/2018;18,5659;18,6574;18,6518
24/02/2018;N/E;N/E;18,6574
25/02/2018;N/E;N/E;18,6574
26/02/2018;18,6456;18,5659;18,6574
27/02/2018;18,7902;18,6456;18,5659
28/02/2018;18,8331;18,7902;18,6456
01/03/2018;18,8610;18,8331;18,7902
02/03/2018;18,8909;18,8610;18,8331
03/03/2018;N/E;N/E;18,8610
04/03/2018;N/E;N/E;18,8610
05/03/2018;18,8838;18,8909;18,8610
06/03/2018;18,7246;18,8838;18,8909
07/03/2018;18,7922;18,7246;18,8838
08/03/2018;18,7148;18,7922;18,7246
09/03/2018;18,5812;18,7148;18,7922
10/03/2018;N/E;N/E;18,7148
11/03/2018;N/E;N/E;18,7148
12/03/2018;18,6199;18,5812;18,7148
13/03/2018;18,5604;18,6199;18,5812
14/03/2018;18,5854;18,5604;18,6199
15/03/2018;18,7023;18,5854;18,5604
16/03/2018;18,7216;18,7023;18,5854
17/03/2018;N/E;N/E;18,7023
18/03/2018;N/E;N/E;18,7023
19/03/2018;N/E;N/E;18,7023
20/03/2018;18,7614;18,7216;18,7023
21/03/2018;18,6001;18,7614;18,7216
22/03/2018;18,5078;18,6001;18,7614
23/03/2018;18,5364;18,5078;18,6001
24/03/2018;N/E;N/E;18,5078
25/03/2018;N/E;N/E;18,5078
26/03/2018;18,3268;18,5364;18,5078
27/03/2018;18,3445;18,3268;18,5364
28/03/2018;18,2709;18,3445;18,3268
29/03/2018;N/E;N/E;18,3445
30/03/2018;N/E;N/E;18,3445
31/03/2018;N/E;N/E;18,3445
01/04/2018;N/E;N/E;18,3445
02/04/2018;18,2967;18,2709;18,3445
03/04/2018;18,2044;18,2967;18,2709
04/04/2018;18,2244;18,2044;18,2967
05/04/2018;18,1081;18,2244;18,2044
06/04/2018;18,2888;18,1081;18,2244
07/04/2018;N/E;N/E;18,1081
08/04/2018;N/E;N/E;18,1081
09/04/2018;18,2753;18,2888;18,1081
10/04/2018;18,2882;18,2753;18,2888
11/04/2018;18,2018;18,2882;18,2753
12/04/2018;18,1353;18,2018;18,2882
13/04/2018;18,0870;18,1353;18,2018
14/04/2018;N/E;N/E;18,1353
15/04/2018;N/E;N/E;18,1353
16/04/2018;18,0394;18,0870;18,1353
17/04/2018;17,9787;18,0394;18,0870
18/04/2018;18,0333;17,9787;18,0394
19/04/2018;18,2819;18,0333;17,9787
20/04/2018;18,6210;18,2819;18,0333
21/04/2018;N/E;N/E;18,2819
22/04/2018;N/E;N/E;18,2819
23/04/2018;18,8628;18,6210;18,2819
24/04/2018;18,8139;18,8628;18,6210
25/04/2018;19,0530;18,8139;18,8628
26/04/2018;18,8644;19,0530;18,8139
27/04/2018;18,6847;18,8644;19,0530
28/04/2018;N/E;N/E;18,8644
29/04/2018;N/E;N/E;18,8644
30/04/2018;18,7878;18,6847;18,8644
01/05/2018;N/E;N/E;18,6847
02/05/2018;19,0943;18,7878;18,6847
03/05/2018;19,1223;19,0943;18,7878
04/05/2018;19,2017;19,1223;19,0943
05/05/2018;N/E;N/E;19,1223
06/05/2018;N/E;N/E;19,1223
07/05/2018;19,4232;19,2017;19,1223
08/05/2018;19,5781;19,4232;19,2017
09/05/2018;19,5387;19,5781;19,4232
10/05/2018;19,2989;19,5387;19,5781
11/05/2018;19,3539;19,2989;19,5387
12/05/2018;N/E;N/E;19,2989
13/05/2018;N/E;N/E;19,2989
14/05/2018;19,5214;19,3539;19,2989
15/05/2018;19,7854;19,5214;19,3539
16/05/2018;19,7094;19,7854;19,5214
17/05/2018;19,7033;19,7094;19,7854
18/05/2018;19,9319;19,7033;19,7094
19/05/2018;N/E;N/E;19,7033
20/05/2018;N/E;N/E;19,7033
21/05/2018;19,9054;19,9319;19,7033
22/05/2018;19,7528;19,9054;19,9319
23/05/2018;19,7661;19,7528;19,9054
24/05/2018;19,7048;19,7661;19,7528
25/05/2018;19,5608;19,7048;19,7661
26/05/2018;N/E;N/E;19,7048
27/05/2018;N/E;N/E;19,7048
28/05/2018;19,5915;19,5608;19,7048
29/05/2018;19,7499;19,5915;19,5608
30/05/2018;19,7322;19,7499;19,5915
31/05/2018;19,9759;19,7322;19,7499
01/06/2018;19,8662;19,9759;19,7322
02/06/2018;N/E;N/E;19,9759
03/06/2018;N/E;N/E;19,9759
04/06/2018;19,9934;19,8662;19,9759
05/06/2018;20,3863;19,9934;19,8662
06/06/2018;20,3129;20,3863;19,9934
07/06/2018;20,4600;20,3129;20,3863
08/06/2018;20,5281;20,4600;20,3129
09/06/2018;N/E;N/E;20,4600
10/06/2018;N/E;N/E;20,4600
11/06/2018;20,4722;20,5281;20,4600
12/06/2018;20,5960;20,4722;20,5281
13/06/2018;20,6259;20,5960;20,4722
14/06/2018;20,6953;20,6259;20,5960
15/06/2018;20,7160;20,6953;20,6259
16/06/2018;N/E;N/E;20,6953
17/06/2018;N/E;N/E;20,6953
18/06/2018;20,6968;20,7160;20,6953
19/06/2018;20,5531;20,6968;20,7160
20/06/2018;20,3937;20,5531;20,6968
21/06/2018;20,3689;20,3937;20,5531
22/06/2018;20,1264;20,3689;20,3937
23/06/2018;N/E;N/E;20,3689
24/06/2018;N/E;N/E;20,3689
25/06/2018;20,0908;20,1264;20,3689
26/06/2018;19,8754;20,0908;20,1264
27/06/2018;20,0553;19,8754;20,0908
28/06/2018;19,8633;20,0553;19,8754
29/06/2018;19,6912;19,8633;20,0553
30/06/2018;N/E;N/E;19,8633
01/07/2018;N/E;N/E;19,8633
02/07/2018;20,1453;19,6912;19,8633
03/07/2018;19,5974;20,1453;19,6912
04/07/2018;19,4284;19,5974;20,1453
05/07/2018;19,2513;19,4284;19,5974
06/07/2018;19,0719;19,2513;19,4284
07/07/2018;N/E;N/E;19,2513
08/07/2018;N/E;N/E;19,2513
09/07/2018;19,1563;19,0719;19,2513
10/07/2018;19,0559;19,1563;19,0719
11/07/2018;18,9632;19,0559;19,1563
12/07/2018;18,8241;18,9632;19,0559
13/07/2018;18,8854;18,8241;18,9632
14/07/2018;N/E;N/E;18,8241
15/07/2018;N/E;N/E;18,8241
16/07/2018;18,8360;18,8854;18,8241
17/07/2018;18,8763;18,8360;18,8854
18/07/2018;18,9100;18,8763;18,8360
19/07/2018;19,0790;18,9100;18,8763
20/07/2018;19,0694;19,0790;18,9100
21/07/2018;N/E;N/E;19,0790
22/07/2018;N/E;N/E;19,0790
23/07/2018;19,0761;19,0694;19,0790
24/07/2018;18,8506;19,0761;19,0694
25/07/2018;18,7709;18,8506;19,0761
26/07/2018;18,6234;18,7709;18,8506
27/07/2018;18,5515;18,6234;18,7709
28/07/2018;N/E;N/E;18,6234
29/07/2018;N/E;N/E;18,6234
30/07/2018;18,5413;18,5515;18,6234
31/07/2018;18,6457;18,5413;18,5515
01/08/2018;18,5899;18,6457;18,5413
02/08/2018;18,6349;18,5899;18,6457
03/08/2018;18,5725;18,6349;18,5899
04/08/2018;N/E;N/E;18,6349
05/08/2018;N/E;N/E;18,6349
06/08/2018;18,5433;18,5725;18,6349
07/08/2018;18,4631;18,5433;18,5725
08/08/2018;18,4542;18,4631;18,5433
09/08/2018;18,6511;18,4542;18,4631
10/08/2018;18,9273;18,6511;18,4542
11/08/2018;N/E;N/E;18,6511
12/08/2018;N/E;N/E;18,6511
13/08/2018;19,1801;18,9273;18,6511
14/08/2018;18,9973;19,1801;18,9273
15/08/2018;19,2339;18,9973;19,1801
16/08/2018;19,0100;19,2339;18,9973
17/08/2018;19,0615;19,0100;19,2339
18/08/2018;N/E;N/E;19,0100
19/08/2018;N/E;N/E;19,0100
20/08/2018;19,0305;19,0615;19,0100
21/08/2018;18,8784;19,0305;19,0615
22/08/2018;18,8176;18,8784;19,0305
23/08/2018;18,8672;18,8176;18,8784
24/08/2018;18,8339;18,8672;18,8176
25/08/2018;N/E;N/E;18,8672
26/08/2018;N/E;N/E;18,8672
27/08/2018;18,6697;18,8339;18,8672
28/08/2018;18,9354;18,6697;18,8339
29/08/2018;19,0659;18,9354;18,6697
30/08/2018;19,1258;19,0659;18,9354
31/08/2018;19,1792;19,1258;19,0659
01/09/2018;N/E;N/E;19,1258
02/09/2018;N/E;N/E;19,1258
03/09/2018;19,2137;19,1792;19,1258
04/09/2018;19,3609;19,2137;19,1792
05/09/2018;19,4433;19,3609;19,2137
06/09/2018;19,3546;19,4433;19,3609
07/09/2018;19,2394;19,3546;19,4433
08/09/2018;N/E;N/E;19,3546
09/09/2018;N/E;N/E;19,3546
10/09/2018;19,2989;19,2394;19,3546
11/09/2018;19,2680;19,2989;19,2394
12/09/2018;19,0511;19,2680;19,2989
13/09/2018;18,8775;19,0511;19,2680
14/09/2018;18,8689;18,8775;19,0511
15/09/2018;N/E;N/E;18,8775
16/09/2018;N/E;N/E;18,8775
17/09/2018;18,8399;18,8689;18,8775
18/09/2018;18,7694;18,8399;18,8689
19/09/2018;18,7672;18,7694;18,8399
20/09/2018;18,8296;18,7672;18,7694
21/09/2018;18,8539;18,8296;18,7672
22/09/2018;N/E;N/E;18,8296
23/09/2018;N/E;N/E;18,8296
24/09/2018;18,8516;18,8539;18,8296
25/09/2018;18,9870;18,8516;18,8539
26/09/2018;18,8986;18,9870;18,8516
27/09/2018;18,8120;18,8986;18,9870
28/09/2018;18,7231;18,8120;18,8986
29/09/2018;N/E;N/E;18,8120
30/09/2018;N/E;N/E;18,8120
01/10/2018;18,6531;18,7231;18,8120
02/10/2018;18,7503;18,6531;18,7231
03/10/2018;18,8014;18,7503;18,6531
04/10/2018;19,1328;18,8014;18,7503
05/10/2018;18,9444;19,1328;18,8014
06/10/2018;N/E;N/E;19,1328
07/10/2018;N/E;N/E;19,1328
08/10/2018;18,9234;18,9444;19,1328
09/10/2018;19,0000;18,9234;18,9444
10/10/2018;19,1183;19,0000;18,9234
11/10/2018;19,0217;19,1183;19,0000
12/10/2018;18,9202;19,0217;19,1183
13/10/2018;N/E;N/E;19,0217
14/10/2018;N/E;N/E;19,0217
15/10/2018;18,8096;18,9202;19,0217
16/10/2018;18,7693;18,8096;18,9202
17/10/2018;18,8012;18,7693;18,8096
18/10/2018;19,1018;18,8012;18,7693
19/10/2018;19,2183;19,1018;18,8012
20/10/2018;N/E;N/E;19,1018
21/10/2018;N/E;N/E;19,1018
22/10/2018;19,3669;19,2183;19,1018
23/10/2018;19,4169;19,3669;19,2183
24/10/2018;19,4623;19,4169;19,3669
25/10/2018;19,4383;19,4623;19,4169
26/10/2018;19,4790;19,4383;19,4623
27/10/2018;N/E;N/E;19,4383
28/10/2018;N/E;N/E;19,4383
29/10/2018;19,8022;19,4790;19,4383
30/10/2018;20,0258;19,8022;19,4790
31/10/2018;20,3177;20,0258;19,8022
01/11/2018;20,1329;20,3177;20,0258
02/11/2018;N/E;N/E;20,3177
03/11/2018;N/E;N/E;20,3177
04/11/2018;N/E;N/E;20,3177
05/11/2018;19,9636;20,1329;20,3177
06/11/2018;19,8609;19,9636;20,1329
07/11/2018;19,8245;19,8609;19,9636
08/11/2018;20,0438;19,8245;19,8609
09/11/2018;20,3614;20,0438;19,8245
10/11/2018;N/E;N/E;20,0438
11/11/2018;N/E;N/E;20,0438
12/11/2018;20,3179;20,3614;20,0438
13/11/2018;20,5158;20,3179;20,3614
14/11/2018;20,3979;20,5158;20,3179
15/11/2018;20,3371;20,3979;20,5158
16/11/2018;20,1550;20,3371;20,3979
17/11/2018;N/E;N/E;20,3371
18/11/2018;N/E;N/E;20,3371
19/11/2018;N/E;N/E;20,3371
20/11/2018;20,4123;20,1550;20,3371
21/11/2018;20,2023;20,4123;20,1550
22/11/2018;20,2984;20,2023;20,4123
23/11/2018;20,3935;20,2984;20,2023
24/11/2018;N/E;N/E;20,2984
25/11/2018;N/E;N/E;20,2984
26/11/2018;20,5304;20,3935;20,2984
27/11/2018;20,4977;20,5304;20,3935
28/11/2018;20,4108;20,4977;20,5304
29/11/2018;20,2217;20,4108;20,4977
30/11/2018;20,3455;20,2217;20,4108
01/12/2018;N/E;N/E;20,2217
02/12/2018;N/E;N/E;20,2217
03/12/2018;20,2346;20,3455;20,2217
04/12/2018;20,5123;20,2346;20,3455
05/12/2018;20,5672;20,5123;20,2346
06/12/2018;20,4705;20,5672;20,5123
07/12/2018;20,2609;20,4705;20,5672
08/12/2018;N/E;N/E;20,4705
09/12/2018;N/E;N/E;20,4705
10/12/2018;20,3621;20,2609;20,4705
11/12/2018;20,2889;20,3621;20,2609
12/12/2018;N/E;N/E;20,3621
13/12/2018;20,2566;20,2889;20,3621
14/12/2018;20,3337;20,2566;20,2889
15/12/2018;N/E;N/E;20,2566
16/12/2018;N/E;N/E;20,2566
17/12/2018;20,1126;20,3337;20,2566
18/12/2018;20,1277;20,1126;20,3337
19/12/2018;20,0293;20,1277;20,1126
20/12/2018;19,9082;20,0293;20,1277
21/12/2018;19,9275;19,9082;20,0293
22/12/2018;N/E;N/E;19,9082
23/12/2018;N/E;N/E;19,9082
24/12/2018;19,8473;19,9275;19,9082
25/12/2018;N/E;N/E;19,9275
26/12/2018;19,8823;19,8473;19,9275
27/12/2018;19,6829;19,8823;19,8473
28/12/2018;19,6566;19,6829;19,8823
29/12/2018;N/E;N/E;19,6829
30/12/2018;N/E;N/E;19,6829
31/12/2018;19,6512;19,6566;19,6829
01/01/2019;N/E;N/E;19,6566
02/01/2019;19,5878;19,6512;19,6566
03/01/2019;19,6073;19,5878;19,6512
04/01/2019;19,4902;19,6073;19,5878
05/01/2019;N/E;N/E;19,6073
06/01/2019;N/E;N/E;19,6073
07/01/2019;19,3208;19,4902;19,6073
08/01/2019;19,3479;19,3208;19,4902
09/01/2019;19,2456;19,3479;19,3208
10/01/2019;19,1714;19,2456;19,3479
11/01/2019;19,1236;19,1714;19,2456
12/01/2019;N/E;N/E;19,1714
13/01/2019;N/E;N/E;19,1714
14/01/2019;19,0064;19,1236;19,1714
15/01/2019;19,0457;19,0064;19,1236
16/01/2019;18,9908;19,0457;19,0064
17/01/2019;19,0630;18,9908;19,0457
18/01/2019;19,0844;19,0630;18,9908
19/01/2019;N/E;N/E;19,0630
20/01/2019;N/E;N/E;19,0630
21/01/2019;19,1902;19,0844;19,0630
22/01/2019;19,1297;19,1902;19,0844
23/01/2019;19,0771;19,1297;19,1902
24/01/2019;18,9859;19,0771;19,1297
25/01/2019;18,9280;18,9859;19,0771
26/01/2019;N/E;N/E;18,9859
27/01/2019;N/E;N/E;18,9859
28/01/2019;19,0381;18,9280;18,9859
29/01/2019;18,9972;19,0381;18,9280
30/01/2019;19,1623;18,9972;19,0381
31/01/2019;19,0388;19,1623;18,9972
01/02/2019;19,1098;19,0388;19,1623
02/02/2019;N/E;N/E;19,0388
03/02/2019;N/E;N/E;19,0388
04/02/2019;N/E;N/E;19,0388
05/02/2019;19,0824;19,1098;19,0388
06/02/2019;19,1058;19,0824;19,1098
07/02/2019;19,0800;19,1058;19,0824
08/02/2019;19,0893;19,0800;19,1058
09/02/2019;N/E;N/E;19,0800
10/02/2019;N/E;N/E;19,0800
11/02/2019;19,2524;19,0893;19,0800
12/02/2019;19,2592;19,2524;19,0893
13/02/2019;19,4084;19,2592;19,2524
14/02/2019;19,3569;19,4084;19,2592
15/02/2019;19,3625;19,3569;19,4084
16/02/2019;N/E;N/E;19,3569
17/02/2019;N/E;N/E;19,3569
18/02/2019;19,2578;19,3625;19,3569
19/02/2019;19,1778;19,2578;19,3625
20/02/2019;19,1835;19,1778;19,2578
21/02/2019;19,2652;19,1835;19,1778
22/02/2019;19,1394;19,2652;19,1835
23/02/2019;N/E;N/E;19,2652
24/02/2019;N/E;N/E;19,2652
25/02/2019;19,1185;19,1394;19,2652
26/02/2019;19,1630;19,1185;19,1394
27/02/2019;19,2201;19,1630;19,1185
28/02/2019;19,2607;19,2201;19,1630
01/03/2019;19,2978;19,2607;19,2201
02/03/2019;N/E;N/E;19,2607
03/03/2019;N/E;N/E;19,2607
04/03/2019;19,3039;19,2978;19,2607
05/03/2019;19,2597;19,3039;19,2978
06/03/2019;19,3708;19,2597;19,3039
07/03/2019;19,5225;19,3708;19,2597
08/03/2019;19,4902;19,5225;19,3708
09/03/2019;N/E;N/E;19,5225
10/03/2019;N/E;N/E;19,5225
11/03/2019;19,4243;19,4902;19,5225
12/03/2019;19,3049;19,4243;19,4902
13/03/2019;19,3320;19,3049;19,4243
14/03/2019;19,3233;19,3320;19,3049
15/03/2019;19,2176;19,3233;19,3320
16/03/2019;N/E;N/E;19,3233
17/03/2019;N/E;N/E;19,3233
18/03/2019;N/E;N/E;19,3233
19/03/2019;19,0004;19,2176;19,3233
20/03/2019;18,9098;19,0004;19,2176
21/03/2019;18,8694;18,9098;19,0004
22/03/2019;19,1369;18,8694;18,9098
23/03/2019;N/E;N/E;18,8694
24/03/2019;N/E;N/E;18,8694
25/03/2019;19,0151;19,1369;18,8694
26/03/2019;19,0989;19,0151;19,1369
27/03/2019;19,3201;19,0989;19,0151
28/03/2019;19,3793;19,3201;19,0989
29/03/2019;19,3779;19,3793;19,3201
30/03/2019;N/E;N/E;19,3793
31/03/2019;N/E;N/E;19,3793
01/04/2019;19,2169;19,3779;19,3793
02/04/2019;19,2279;19,2169;19,3779
03/04/2019;19,1805;19,2279;19,2169
04/04/2019;19,1728;19,1805;19,2279
05/04/2019;19,0805;19,1728;19,1805
06/04/2019;N/E;N/E;19,1728
07/04/2019;N/E;N/E;19,1728
08/04/2019;18,9701;19,0805;19,1728
09/04/2019;18,9229;18,9701;19,0805
10/04/2019;18,8360;18,9229;18,9701
11/04/2019;18,8432;18,8360;18,9229
12/04/2019;18,7719;18,8432;18,8360
13/04/2019;N/E;N/E;18,8432
14/04/2019;N/E;N/E;18,8432
15/04/2019;18,8489;18,7719;18,8432
16/04/2019;18,9516;18,8489;18,7719
17/04/2019;18,8480;18,9516;18,8489
18/04/2019;N/E;N/E;18,9516
19/04/2019;N/E;N/E;18,9516
20/04/2019;N/E;N/E;18,9516
21/04/2019;N/E;N/E;18,9516
22/04/2019;18,8359;18,8480;18,9516
23/04/2019;18,9578;18,8359;18,8480
24/04/2019;19,0046;18,9578;18,8359
25/04/2019;19,0942;19,0046;18,9578
26/04/2019;18,9414;19,0942;19,0046
27/04/2019;N/E;N/E;19,0942
28/04/2019;N/E;N/E;19,0942
29/04/2019;19,0120;18,9414;19,0942
30/04/2019;19,0099;19,0120;18,9414
01/05/2019;N/E;N/E;19,0120
02/05/2019;19,1014;19,0099;19,0120
03/05/2019;19,0012;19,1014;19,0099
04/05/2019;N/E;N/E;19,1014
05/05/2019;N/E;N/E;19,1014
06/05/2019;18,9781;19,0012;19,1014
07/05/2019;19,0499;18,9781;19,0012
08/05/2019;19,0837;19,0499;18,9781
09/05/2019;19,2623;19,0837;19,0499
10/05/2019;19,1374;19,2623;19,0837
11/05/2019;N/E;N/E;19,2623
12/05/2019;N/E;N/E;19,2623
13/05/2019;19,1928;19,1374;19,2623
14/05/2019;19,1427;19,1928;19,1374
15/05/2019;19,1236;19,1427;19,1928
16/05/2019;19,0710;19,1236;19,1427
17/05/2019;19,1454;19,0710;19,1236
18/05/2019;N/E;N/E;19,0710
19/05/2019;N/E;N/E;19,0710
20/05/2019;19,0908;19,1454;19,0710
21/05/2019;19,0309;19,0908;19,1454
22/05/2019;18,9755;19,0309;19,0908
23/05/2019;19,0122;18,9755;19,0309
24/05/2019;19,0658;19,0122;18,9755
25/05/2019;N/E;N/E;19,0122
26/05/2019;N/E;N/E;19,0122
27/05/2019;19,0521;19,0658;19,0122
28/05/2019;19,1652;19,0521;19,0658
29/05/2019;19,2395;19,1652;19,0521
30/05/2019;19,0683;19,2395;19,1652
31/05/2019;19,6426;19,0683;19,2395
01/06/2019;N/E;N/E;19,0683
02/06/2019;N/E;N/E;19,0683
03/06/2019;19,7609;19,6426;19,0683
04/06/2019;19,6007;19,7609;19,6426
05/06/2019;19,5418;19,6007;19,7609
06/06/2019;19,7084;19,5418;19,6007
07/06/2019;19,6528;19,7084;19,5418
08/06/2019;N/E;N/E;19,7084
09/06/2019;N/E;N/E;19,7084
10/06/2019;19,2040;19,6528;19,7084
11/06/2019;19,1222;19,2040;19,6528
12/06/2019;19,1383;19,1222;19,2040
13/06/2019;19,1645;19,1383;19,1222
14/06/2019;19,1487;19,1645;19,1383
15/06/2019;N/E;N/E;19,1645
16/06/2019;N/E;N/E;19,1645
17/06/2019;19,1924;19,1487;19,1645
18/06/2019;19,1011;19,1924;19,1487
19/06/2019;19,1753;19,1011;19,1924
20/06/2019;18,9804;19,1753;19,1011
21/06/2019;19,0661;18,9804;19,1753
22/06/2019;N/E;N/E;18,9804
23/06/2019;N/E;N/E;18,9804
24/06/2019;19,1833;19,0661;18,9804
25/06/2019;19,2271;19,1833;19,0661
26/06/2019;19,1442;19,2271;19,1833
27/06/2019;19,1685;19,1442;19,2271
28/06/2019;19,2087;19,1685;19,1442
29/06/2019;N/E;N/E;19,1685
30/06/2019;N/E;N/E;19,1685
01/07/2019;19,0760;19,2087;19,1685
02/07/2019;19,0694;19,0760;19,2087
03/07/2019;19,0502;19,0694;19,0760
04/07/2019;18,9947;19,0502;19,0694
05/07/2019;19,0446;18,9947;19,0502
06/07/2019;N/E;N/E;18,9947
07/07/2019;N/E;N/E;18,9947
08/07/2019;18,9116;19,0446;18,9947
09/07/2019;19,0043;18,9116;19,0446
10/07/2019;19,2425;19,0043;18,9116
11/07/2019;19,1227;19,2425;19,0043
12/07/2019;19,0307;19,1227;19,2425
13/07/2019;N/E;N/E;19,1227
14/07/2019;N/E;N/E;19,1227
15/07/2019;18,9803;19,0307;19,1227
16/07/2019;19,0781;18,9803;19,0307
17/07/2019;19,0233;19,0781;18,9803
18/07/2019;19,0108;19,0233;19,0781
19/07/2019;19,0123;19,0108;19,0233
20/07/2019;N/E;N/E;19,0108
21/07/2019;N/E;N/E;19,0108
22/07/2019;19,0659;19,0123;19,0108
23/07/2019;19,1315;19,0659;19,0123
24/07/2019;19,0894;19,1315;19,0659
25/07/2019;19,0623;19,0894;19,1315
26/07/2019;19,0699;19,0623;19,0894
27/07/2019;N/E;N/E;19,0623
28/07/2019;N/E;N/E;19,0623
29/07/2019;19,0900;19,0699;19,0623
30/07/2019;19,0747;19,0900;19,0699
31/07/2019;18,9929;19,0747;19,0900
01/08/2019;19,1627;18,9929;19,0747
02/08/2019;19,3116;19,1627;18,9929
03/08/2019;N/E;N/E;19,1627
04/08/2019;N/E;N/E;19,1627
05/08/2019;19,5731;19,3116;19,1627
06/08/2019;19,6291;19,5731;19,3116
07/08/2019;19,6953;19,6291;19,5731
08/08/2019;19,5118;19,6953;19,6291
09/08/2019;19,4283;19,5118;19,6953
10/08/2019;N/E;N/E;19,5118
11/08/2019;N/E;N/E;19,5118
12/08/2019;19,5803;19,4283;19,5118
13/08/2019;19,4630;19,5803;19,4283
14/08/2019;19,5763;19,4630;19,5803
15/08/2019;19,6365;19,5763;19,4630
16/08/2019;19,5669;19,6365;19,5763
17/08/2019;N/E;N/E;19,6365
18/08/2019;N/E;N/E;19,6365
19/08/2019;19,8153;19,5669;19,6365
20/08/2019;19,7522;19,8153;19,5669
21/08/2019;19,6798;19,7522;19,8153
22/08/2019;19,7467;19,6798;19,7522
23/08/2019;19,8402;19,7467;19,6798
24/08/2019;N/E;N/E;19,7467
25/08/2019;N/E;N/E;19,7467
26/08/2019;19,9086;19,8402;19,7467
27/08/2019;19,9934;19,9086;19,8402
28/08/2019;20,0314;19,9934;19,9086
29/08/2019;20,0988;20,0314;19,9934
30/08/2019;20,0696;20,0988;20,0314
31/08/2019;N/E;N/E;20,0988
01/09/2019;N/E;N/E;20,0988
02/09/2019;20,1253;20,0696;20,0988
03/09/2019;20,0039;20,1253;20,0696
04/09/2019;19,7806;20,0039;20,1253
05/09/2019;19,6834;19,7806;20,0039
06/09/2019;19,5623;19,6834;19,7806
07/09/2019;N/E;N/E;19,6834
08/09/2019;N/E;N/E;19,6834
09/09/2019;19,5398;19,5623;19,6834
10/09/2019;19,5354;19,5398;19,5623
11/09/2019;19,5478;19,5354;19,5398
12/09/2019;19,4265;19,5478;19,5354
13/09/2019;19,3665;19,4265;19,5478
14/09/2019;N/E;N/E;19,4265
15/09/2019;N/E;N/E;19,4265
16/09/2019;N/E;N/E;19,4265
17/09/2019;19,4262;19,3665;19,4265
18/09/2019;19,3528;19,4262;19,3665
19/09/2019;19,3981;19,3528;19,4262
20/09/2019;19,4478;19,3981;19,3528
21/09/2019;N/E;N/E;19,3981
22/09/2019;N/E;N/E;19,3981
23/09/2019;19,4459;19,4478;19,3981
24/09/2019;19,4587;19,4459;19,4478
25/09/2019;19,5775;19,4587;19,4459
26/09/2019;19,6363;19,5775;19,4587
27/09/2019;19,6808;19,6363;19,5775
28/09/2019;N/E;N/E;19,6363
29/09/2019;N/E;N/E;19,6363
30/09/2019;19,7345;19,6808;19,6363
01/10/2019;19,7792;19,7345;19,6808
02/10/2019;19,7985;19,7792;19,7345
03/10/2019;19,7368;19,7985;19,7792
04/10/2019;19,5255;19,7368;19,7985
05/10/2019;N/E;N/E;19,7368
06/10/2019;N/E;N/E;19,7368
07/10/2019;19,5522;19,5255;19,7368
08/10/2019;19,5840;19,5522;19,5255
09/10/2019;19,5689;19,5840;19,5522
10/10/2019;19,4764;19,5689;19,5840
11/10/2019;19,3217;19,4764;19,5689
12/10/2019;N/E;N/E;19,4764
13/10/2019;N/E;N/E;19,4764
14/10/2019;19,2652;19,3217;19,4764
15/10/2019;19,2520;19,2652;19,3217
16/10/2019;19,2135;19,2520;19,2652
17/10/2019;19,1602;19,2135;19,2520
18/10/2019;19,1492;19,1602;19,2135
19/10/2019;N/E;N/E;19,1602
20/10/2019;N/E;N/E;19,1602
21/10/2019;19,1422;19,1492;19,1602
22/10/2019;19,1050;19,1422;19,1492
23/10/2019;19,1258;19,1050;19,1422
24/10/2019;19,0878;19,1258;19,1050
25/10/2019;19,0820;19,0878;19,1258
26/10/2019;N/E;N/E;19,0878
27/10/2019;N/E;N/E;19,0878
28/10/2019;19,0543;19,0820;19,0878
29/10/2019;19,1167;19,0543;19,0820
30/10/2019;19,1643;19,1167;19,0543
31/10/2019;19,1948;19,1643;19,1167
01/11/2019;19,1058;19,1948;19,1643
02/11/2019;N/E;N/E;19,1948
03/11/2019;N/E;N/E;19,1948
04/11/2019;19,1525;19,1058;19,1948
05/11/2019;19,2125;19,1525;19,1058
06/11/2019;19,1953;19,2125;19,1525
07/11/2019;19,1327;19,1953;19,2125
08/11/2019;19,1068;19,1327;19,1953
09/11/2019;N/E;N/E;19,1327
10/11/2019;N/E;N/E;19,1327
11/11/2019;19,1090;19,1068;19,1327
12/11/2019;19,2178;19,1090;19,1068
13/11/2019;19,4543;19,2178;19,1090
14/11/2019;19,4228;19,4543;19,2178
15/11/2019;19,2063;19,4228;19,4543
16/11/2019;N/E;N/E;19,4228
17/11/2019;N/E;N/E;19,4228
18/11/2019;N/E;N/E;19,4228
19/11/2019;19,3687;19,2063;19,4228
20/11/2019;19,4800;19,3687;19,2063
21/11/2019;19,4138;19,4800;19,3687
22/11/2019;19,3987;19,4138;19,4800
23/11/2019;N/E;N/E;19,4138
24/11/2019;N/E;N/E;19,4138
25/11/2019;19,4468;19,3987;19,4138
26/11/2019;19,5185;19,4468;19,3987
27/11/2019;19,5607;19,5185;19,4468
28/11/2019;19,6113;19,5607;19,5185
29/11/2019;19,5352;19,6113;19,5607
30/11/2019;N/E;N/E;19,6113
01/12/2019;N/E;N/E;19,6113
02/12/2019;19,5717;19,5352;19,6113
03/12/2019;19,5678;19,5717;19,5352
04/12/2019;19,4707;19,5678;19,5717
05/12/2019;19,3688;19,4707;19,5678
06/12/2019;19,3247;19,3688;19,4707
07/12/2019;N/E;N/E;19,3688
08/12/2019;N/E;N/E;19,3688
09/12/2019;19,2302;19,3247;19,3688
10/12/2019;19,2362;19,2302;19,3247
11/12/2019;19,1785;19,2362;19,2302
12/12/2019;N/E;N/E;19,2362
13/12/2019;19,0455;19,1785;19,2362
14/12/2019;N/E;N/E;19,1785
15/12/2019;N/E;N/E;19,1785
16/12/2019;18,9702;19,0455;19,1785
17/12/2019;18,9165;18,9702;19,0455
18/12/2019;18,9542;18,9165;18,9702
19/12/2019;18,9640;18,9542;18,9165
20/12/2019;18,9133;18,9640;18,9542
21/12/2019;N/E;N/E;18,9640
22/12/2019;N/E;N/E;18,9640
23/12/2019;18,9385;18,9133;18,9640
24/12/2019;18,9643;18,9385;18,9133
25/12/2019;N/E;N/E;18,9385
26/12/2019;18,9445;18,9643;18,9385
27/12/2019;18,8452;18,9445;18,9643
28/12/2019;N/E;N/E;18,9445
29/12/2019;N/E;N/E;18,9445
30/12/2019;18,8727;18,8452;18,9445
31/12/2019;18,8642;18,8727;18,8452
01/01/2020;N/E;N/E;18,8727
02/01/2020;18,8817;18,8642;18,8727
03/01/2020;18,8673;18,8817;18,8642
04/01/2020;N/E;N/E;18,8817
05/01/2020;N/E;N/E;18,8817
06/01/2020;18,8270;18,8673;18,8817
07/01/2020;18,8852;18,8270;18,8673
08/01/2020;18,7980;18,8852;18,8270
09/01/2020;18,8453;18,7980;18,8852
10/01/2020;18,7732;18,8453;18,7980
11/01/2020;N/E;N/E;18,8453
12/01/2020;N/E;N/E;18,8453
13/01/2020;18,8215;18,7732;18,8453
14/01/2020;18,8120;18,8215;18,7732
15/01/2020;18,8077;18,8120;18,8215
16/01/2020;18,7930;18,8077;18,8120
17/01/2020;18,7388;18,7930;18,8077
18/01/2020;N/E;N/E;18,7930
19/01/2020;N/E;N/E;18,7930
20/01/2020;18,6725;18,7388;18,7930
21/01/2020;18,7007;18,6725;18,7388
22/01/2020;18,6883;18,7007;18,6725
23/01/2020;18,8018;18,6883;18,7007
24/01/2020;18,8313;18,8018;18,6883
25/01/2020;N/E;N/E;18,8018
26/01/2020;N/E;N/E;18,8018
27/01/2020;18,9407;18,8313;18,8018
28/01/2020;18,8022;18,9407;18,8313
29/01/2020;18,7067;18,8022;18,9407
30/01/2020;18,7853;18,7067;18,8022
31/01/2020;18,9082;18,7853;18,7067
01/02/2020;N/E;N/E;18,7853
02/02/2020;N/E;N/E;18,7853
03/02/2020;N/E;N/E;18,7853
04/02/2020;18,6797;18,9082;18,7853
05/02/2020;18,6245;18,6797;18,9082
06/02/2020;18,6645;18,6245;18,6797
07/02/2020;18,7763;18,6645;18,6245
08/02/2020;N/E;N/E;18,6645
09/02/2020;N/E;N/E;18,6645
10/02/2020;18,7653;18,7763;18,6645
11/02/2020;18,6740;18,7653;18,7763
12/02/2020;18,6308;18,6740;18,7653
13/02/2020;18,6458;18,6308;18,6740
14/02/2020;18,5712;18,6458;18,6308
15/02/2020;N/E;N/E;18,6458
16/02/2020;N/E;N/E;18,6458
17/02/2020;18,5715;18,5712;18,6458
18/02/2020;18,5952;18,5715;18,5712
19/02/2020;18,5910;18,5952;18,5715
20/02/2020;18,7992;18,5910;18,5952
21/02/2020;18,9138;18,7992;18,5910
22/02/2020;N/E;N/E;18,7992
23/02/2020;N/E;N/E;18,7992
24/02/2020;19,1197;18,9138;18,7992
25/02/2020;19,0878;19,1197;18,9138
26/02/2020;19,1585;19,0878;19,1197
27/02/2020;19,3973;19,1585;19,0878
28/02/2020;19,7760;19,3973;19,1585
29/02/2020;N/E;N/E;19,3973
01/03/2020;N/E;N/E;19,3973
02/03/2020;19,6985;19,7760;19,3973
03/03/2020;19,2837;19,6985;19,7760
04/03/2020;19,5335;19,2837;19,6985
05/03/2020;19,8095;19,5335;19,2837
06/03/2020;20,1623;19,8095;19,5335
07/03/2020;N/E;N/E;19,8095
08/03/2020;N/E;N/E;19,8095
09/03/2020;21,1117;20,1623;19,8095
10/03/2020;21,0267;21,1117;20,1623
11/03/2020;21,2130;21,0267;21,1117
12/03/2020;22,1518;21,2130;21,0267
13/03/2020;21,9288;22,1518;21,2130
14/03/2020;N/E;N/E;22,1518
15/03/2020;N/E;N/E;22,1518
16/03/2020;N/E;N/E;22,1518
17/03/2020;23,0573;21,9288;22,1518
18/03/2020;23,9008;23,0573;21,9288
19/03/2020;24,0868;23,9008;23,0573
20/03/2020;24,1113;24,0868;23,9008
21/03/2020;N/E;N/E;24,0868
22/03/2020;N/E;N/E;24,0868
23/03/2020;25,0782;24,1113;24,0868
24/03/2020;25,1185;25,0782;24,1113
25/03/2020;24,2948;25,1185;25,0782
26/03/2020;23,0970;24,2948;25,1185
27/03/2020;23,5122;23,0970;24,2948
28/03/2020;N/E;N/E;23,0970
29/03/2020;N/E;N/E;23,0970
30/03/2020;24,2853;23,5122;23,0970
31/03/2020;23,4847;24,2853;23,5122
01/04/2020;24,4918;23,4847;24,2853
02/04/2020;24,1087;24,4918;23,4847
03/04/2020;24,6938;24,1087;24,4918
04/04/2020;N/E;N/E;24,1087
05/04/2020;N/E;N/E;24,1087
06/04/2020;24,6895;24,6938;24,1087
07/04/2020;24,0388;24,6895;24,6938
08/04/2020;24,0925;24,0388;24,6895
09/04/2020;N/E;N/E;24,0388
10/04/2020;N/E;N/E;24,0388
11/04/2020;N/E;N/E;24,0388
12/04/2020;N/E;N/E;24,0388
13/04/2020;23,7427;24,0925;24,0388
14/04/2020;23,5645;23,7427;24,0925
15/04/2020;24,1155;23,5645;23,7427
16/04/2020;24,2098;24,1155;23,5645
17/04/2020;23,9012;24,2098;24,1155
18/04/2020;N/E;N/E;24,2098
19/04/2020;N/E;N/E;24,2098
20/04/2020;24,0077;23,9012;24,2098
21/04/2020;24,4248;24,0077;23,9012
22/04/2020;24,5883;24,4248;24,0077
23/04/2020;24,6230;24,5883;24,4248
24/04/2020;24,8583;24,6230;24,5883
25/04/2020;N/E;N/E;24,6230
26/04/2020;N/E;N/E;24,6230
27/04/2020;24,8492;24,8583;24,6230
28/04/2020;24,3882;24,8492;24,8583
29/04/2020;24,0002;24,3882;24,8492
30/04/2020;23,9283;24,0002;24,3882
01/05/2020;N/E;N/E;24,0002
02/05/2020;N/E;N/E;24,0002
03/05/2020;N/E;N/E;24,0002
04/05/2020;24,3812;23,9283;24,0002
05/05/2020;23,8343;24,3812;23,9283
06/05/2020;24,2942;23,8343;24,3812
07/05/2020;24,0563;24,2942;23,8343
08/05/2020;23,6805;24,0563;24,2942
09/05/2020;N/E;N/E;24,0563
10/05/2020;N/E;N/E;24,0563
11/05/2020;23,8693;23,6805;24,0563
12/05/2020;24,0487;23,8693;23,6805
13/05/2020;24,2113;24,0487;23,8693
14/05/2020;24,2708;24,2113;24,0487
15/05/2020;23,9580;24,2708;24,2113
16/05/2020;N/E;N/E;24,2708
17/05/2020;N/E;N/E;24,2708
18/05/2020;23,6032;23,9580;24,2708
19/05/2020;23,6023;23,6032;23,9580
20/05/2020;23,2962;23,6023;23,6032
21/05/2020;22,9600;23,2962;23,6023
22/05/2020;22,7928;22,9600;23,2962
23/05/2020;N/E;N/E;22,9600
24/05/2020;N/E;N/E;22,9600
25/05/2020;22,5630;22,7928;22,9600
26/05/2020;22,2932;22,5630;22,7928
27/05/2020;22,3633;22,2932;22,5630
28/05/2020;22,2040;22,3633;22,2932
29/05/2020;22,1778;22,2040;22,3633
30/05/2020;N/E;N/E;22,2040
31/05/2020;N/E;N/E;22,2040
01/06/2020;22,0168;22,1778;22,2040
02/06/2020;21,6827;22,0168;22,1778
03/06/2020;21,6043;21,6827;22,0168
04/06/2020;21,8388;21,6043;21,6827
05/06/2020;21,5837;21,8388;21,6043
06/06/2020;N/E;N/E;21,8388
07/06/2020;N/E;N/E;21,8388
08/06/2020;21,6552;21,5837;21,8388
09/06/2020;21,7252;21,6552;21,5837
10/06/2020;21,9230;21,7252;21,6552
11/06/2020;22,4252;21,9230;21,7252
12/06/2020;22,3347;22,4252;21,9230
13/06/2020;N/E;N/E;22,4252
14/06/2020;N/E;N/E;22,4252
15/06/2020;22,5435;22,3347;22,4252
16/06/2020;22,2168;22,5435;22,3347
17/06/2020;22,2783;22,2168;22,5435
18/06/2020;22,6088;22,2783;22,2168
19/06/2020;22,6300;22,6088;22,2783
20/06/2020;N/E;N/E;22,6088
21/06/2020;N/E;N/E;22,6088
22/06/2020;22,4413;22,6300;22,6088
23/06/2020;22,4130;22,4413;22,6300
24/06/2020;22,6662;22,4130;22,4413
25/06/2020;22,7963;22,6662;22,4130
26/06/2020;22,9715;22,7963;22,6662
27/06/2020;N/E;N/E;22,7963
28/06/2020;N/E;N/E;22,7963
29/06/2020;23,1325;22,9715;22,7963
30/06/2020;23,0893;23,1325;22,9715
01/07/2020;22,8078;23,0893;23,1325
02/07/2020;22,5225;22,8078;23,0893
03/07/2020;22,4147;22,5225;22,8078
04/07/2020;N/E;N/E;22,5225
05/07/2020;N/E;N/E;22,5225
06/07/2020;22,2808;22,4147;22,5225
07/07/2020;22,6213;22,2808;22,4147
08/07/2020;22,8225;22,6213;22,2808
09/07/2020;22,6945;22,8225;22,6213
10/07/2020;22,5342;22,6945;22,8225
11/07/2020;N/E;N/E;22,6945
12/07/2020;N/E;N/E;22,6945
13/07/2020;22,4633;22,5342;22,6945
14/07/2020;22,6173;22,4633;22,5342
15/07/2020;22,3647;22,6173;22,4633
16/07/2020;22,3032;22,3647;22,6173
17/07/2020;22,4897;22,3032;22,3647
18/07/2020;N/E;N/E;22,3032
19/07/2020;N/E;N/E;22,3032
20/07/2020;22,6278;22,4897;22,3032
21/07/2020;22,3597;22,6278;22,4897
22/07/2020;22,2510;22,3597;22,6278
23/07/2020;22,3627;22,2510;22,3597
24/07/2020;22,3842;22,3627;22,2510
25/07/2020;N/E;N/E;22,3627
26/07/2020;N/E;N/E;22,3627
27/07/2020;22,0275;22,3842;22,3627
28/07/2020;21,9615;22,0275;22,3842
29/07/2020;21,9907;21,9615;22,0275
30/07/2020;22,1727;21,9907;21,9615
31/07/2020;22,2012;22,1727;21,9907
01/08/2020;N/E;N/E;22,1727
02/08/2020;N/E;N/E;22,1727
03/08/2020;22,6140;22,2012;22,1727
04/08/2020;22,7845;22,6140;22,2012
05/08/2020;22,4068;22,7845;22,6140
06/08/2020;22,3652;22,4068;22,7845
07/08/2020;22,4892;22,3652;22,4068
08/08/2020;N/E;N/E;22,3652
09/08/2020;N/E;N/E;22,3652
10/08/2020;22,4850;22,4892;22,3652
11/08/2020;22,3490;22,4850;22,4892
12/08/2020;22,3457;22,3490;22,4850
13/08/2020;22,2628;22,3457;22,3490
14/08/2020;22,0313;22,2628;22,3457
15/08/2020;N/E;N/E;22,2628
16/08/2020;N/E;N/E;22,2628
17/08/2020;22,0570;22,0313;22,2628
18/08/2020;22,1535;22,0570;22,0313
19/08/2020;22,0527;22,1535;22,0570
20/08/2020;22,1760;22,0527;22,1535
21/08/2020;22,0362;22,1760;22,0527
22/08/2020;N/E;N/E;22,1760
23/08/2020;N/E;N/E;22,1760
24/08/2020;21,9840;22,0362;22,1760
25/08/2020;21,9723;21,9840;22,0362
26/08/2020;21,9202;21,9723;21,9840
27/08/2020;22,1168;21,9202;21,9723
28/08/2020;21,8602;22,1168;21,9202
29/08/2020;N/E;N/E;22,1168
30/08/2020;N/E;N/E;22,1168
31/08/2020;21,8880;21,8602;22,1168
01/09/2020;21,7445;21,8880;21,8602
02/09/2020;21,8393;21,7445;21,8880
03/09/2020;21,6383;21,8393;21,7445
04/09/2020;21,6115;21,6383;21,8393
05/09/2020;N/E;N/E;21,6383
06/09/2020;N/E;N/E;21,6383
07/09/2020;21,5887;21,6115;21,6383
08/09/2020;21,7138;21,5887;21,6115
09/09/2020;21,5377;21,7138;21,5887
10/09/2020;21,2773;21,5377;21,7138
11/09/2020;21,3210;21,2773;21,5377
12/09/2020;N/E;N/E;21,2773
13/09/2020;N/E;N/E;21,2773
14/09/2020;21,0728;21,3210;21,2773
15/09/2020;21,0692;21,0728;21,3210
16/09/2020;N/E;N/E;21,0728
17/09/2020;20,9850;21,0692;21,0728
18/09/2020;20,9697;20,9850;21,0692
19/09/2020;N/E;N/E;20,9850
20/09/2020;N/E;N/E;20,9850
21/09/2020;21,5050;20,9697;20,9850
22/09/2020;21,5682;21,5050;20,9697
23/09/2020;22,0897;21,5682;21,5050
24/09/2020;22,3678;22,0897;21,5682
25/09/2020;22,4402;22,3678;22,0897
26/09/2020;N/E;N/E;22,3678
27/09/2020;N/E;N/E;22,3678
28/09/2020;22,4573;22,4402;22,3678
29/09/2020;22,3598;22,4573;22,4402
30/09/2020;22,1438;22,3598;22,4573
01/10/2020;21,9562;22,1438;22,3598
02/10/2020;21,7025;21,9562;22,1438
03/10/2020;N/E;N/E;21,9562
04/10/2020;N/E;N/E;21,9562
05/10/2020;21,3960;21,7025;21,9562
06/10/2020;21,4507;21,3960;21,7025
07/10/2020;21,4930;21,4507;21,3960
08/10/2020;21,4318;21,4930;21,4507
09/10/2020;21,1822;21,4318;21,4930
10/10/2020;N/E;N/E;21,4318
11/10/2020;N/E;N/E;21,4318
12/10/2020;21,2183;21,1822;21,4318
13/10/2020;21,3677;21,2183;21,1822
14/10/2020;21,2998;21,3677;21,2183
15/10/2020;21,3832;21,2998;21,3677
16/10/2020;21,1765;21,3832;21,2998
17/10/2020;N/E;N/E;21,3832
18/10/2020;N/E;N/E;21,3832
19/10/2020;21,1342;21,1765;21,3832
20/10/2020;21,0902;21,1342;21,1765
21/10/2020;21,0640;21,0902;21,1342
22/10/2020;21,0300;21,0640;21,0902
23/10/2020;20,9205;21,0300;21,0640
24/10/2020;N/E;N/E;21,0300
25/10/2020;N/E;N/E;21,0300
26/10/2020;20,9818;20,9205;21,0300
27/10/2020;20,8798;20,9818;20,9205
28/10/2020;21,1648;20,8798;20,9818
29/10/2020;21,3770;21,1648;20,8798
30/10/2020;21,2508;21,3770;21,1648
31/10/2020;N/E;N/E;21,3770
01/11/2020;N/E;N/E;21,3770
02/11/2020;N/E;N/E;21,3770
03/11/2020;21,1555;21,2508;21,3770
04/11/2020;21,0345;21,1555;21,2508
05/11/2020;20,7612;21,0345;21,1555
06/11/2020;20,6200;20,7612;21,0345
07/11/2020;N/E;N/E;20,7612
08/11/2020;N/E;N/E;20,7612
09/11/2020;20,3600;20,6200;20,7612
10/11/2020;20,4018;20,3600;20,6200
11/11/2020;20,5772;20,4018;20,3600
12/11/2020;20,5303;20,5772;20,4018
13/11/2020;20,4833;20,5303;20,5772
14/11/2020;N/E;N/E;20,5303
15/11/2020;N/E;N/E;20,5303
16/11/2020;N/E;N/E;20,5303
17/11/2020;20,3212;20,4833;20,5303
18/11/2020;20,2388;20,3212;20,4833
19/11/2020;20,1858;20,2388;20,3212
20/11/2020;20,1172;20,1858;20,2388
21/11/2020;N/E;N/E;20,1858
22/11/2020;N/E;N/E;20,1858
23/11/2020;20,1012;20,1172;20,1858
24/11/2020;20,0577;20,1012;20,1172
25/11/2020;20,0465;20,0577;20,1012
26/11/2020;20,0467;20,0465;20,0577
27/11/2020;20,0777;20,0467;20,0465
28/11/2020;N/E;N/E;20,0467
29/11/2020;N/E;N/E;20,0467
30/11/2020;20,1398;20,0777;20,0467
01/12/2020;20,0508;20,1398;20,0777
02/12/2020;20,0497;20,0508;20,1398
03/12/2020;19,9083;20,0497;20,0508
04/12/2020;19,7838;19,9083;20,0497
05/12/2020;N/E;N/E;19,9083
06/12/2020;N/E;N/E;19,9083
07/12/2020;19,8213;19,7838;19,9083
08/12/2020;19,7537;19,8213;19,7838
09/12/2020;19,8368;19,7537;19,8213
10/12/2020;19,9572;19,8368;19,7537
11/12/2020;20,1075;19,9572;19,8368
12/12/2020;N/E;N/E;19,9572
13/12/2020;N/E;N/E;19,9572
14/12/2020;20,1778;20,1075;19,9572
15/12/2020;20,1113;20,1778;20,1075
16/12/2020;19,9513;20,1113;20,1778
17/12/2020;19,8173;19,9513;20,1113
18/12/2020;19,9487;19,8173;19,9513
19/12/2020;N/E;N/E;19,8173
20/12/2020;N/E;N/E;19,8173
21/12/2020;20,0905;19,9487;19,8173
22/12/2020;20,0562;20,0905;19,9487
23/12/2020;20,1175;20,0562;20,0905
24/12/2020;19,8517;20,1175;20,0562
25/12/2020;N/E;N/E;20,1175
26/12/2020;N/E;N/E;20,1175
27/12/2020;N/E;N/E;20,1175
28/12/2020;20,0477;19,8517;20,1175
29/12/2020;19,9487;20,0477;19,8517
30/12/2020;19,9352;19,9487;20,0477
31/12/2020;19,9087;19,9352;19,9487
01/01/2021;N/E;N/E;19,9352
02/01/2021;N/E;N/E;19,9352
03/01/2021;N/E;N/E;19,9352
04/01/2021;19,8457;19,9087;19,9352
05/01/2021;19,9437;19,8457;19,9087
06/01/2021;19,7250;19,9437;19,8457
07/01/2021;19,9100;19,7250;19,9437
08/01/2021;19,9705;19,9100;19,7250
09/01/2021;N/E;N/E;19,9100
10/01/2021;N/E;N/E;19,9100
11/01/2021;20,1130;19,9705;19,9100
12/01/2021;19,9373;20,1130;19,9705
13/01/2021;19,7935;19,9373;20,1130
14/01/2021;19,7793;19,7935;19,9373
15/01/2021;19,7875;19,7793;19,7935
16/01/2021;N/E;N/E;19,7793
17/01/2021;N/E;N/E;19,7793
18/01/2021;19,7570;19,7875;19,7793
19/01/2021;19,6788;19,7570;19,7875
20/01/2021;19,5793;19,6788;19,7570
21/01/2021;19,7393;19,5793;19,6788
22/01/2021;19,9833;19,7393;19,5793
23/01/2021;N/E;N/E;19,7393
24/01/2021;N/E;N/E;19,7393
25/01/2021;20,1598;19,9833;19,7393
26/01/2021;20,0152;20,1598;19,9833
27/01/2021;20,2168;20,0152;20,1598
28/01/2021;20,2697;20,2168;20,0152
29/01/2021;20,2248;20,2697;20,2168
30/01/2021;N/E;N/E;20,2697
31/01/2021;N/E;N/E;20,2697
01/02/2021;N/E;N/E;20,2697
02/02/2021;20,1722;20,2248;20,2697
03/02/2021;20,1953;20,1722;20,2248
04/02/2021;20,4435;20,1953;20,1722
05/02/2021;20,1388;20,4435;20,1953
06/02/2021;N/E;N/E;20,4435
07/02/2021;N/E;N/E;20,4435
08/02/2021;20,1227;20,1388;20,4435
09/02/2021;20,0913;20,1227;20,1388
10/02/2021;20,0588;20,0913;20,1227
11/02/2021;19,9535;20,0588;20,0913
12/02/2021;19,9622;19,9535;20,0588
13/02/2021;N/E;N/E;19,9535
14/02/2021;N/E;N/E;19,9535
15/02/2021;19,9518;19,9622;19,9535
16/02/2021;20,2023;19,9518;19,9622
17/02/2021;20,2257;20,2023;19,9518
18/02/2021;20,4165;20,2257;20,2023
19/02/2021;20,4222;20,4165;20,2257
20/02/2021;N/E;N/E;20,4165
21/02/2021;N/E;N/E;20,4165
22/02/2021;20,6783;20,4222;20,4165
23/02/2021;20,5833;20,6783;20,4222
24/02/2021;20,4752;20,5833;20,6783
25/02/2021;20,8523;20,4752;20,5833
26/02/2021;20,9390;20,8523;20,4752
27/02/2021;N/E;N/E;20,8523
28/02/2021;N/E;N/E;20,8523
01/03/2021;20,6123;20,9390;20,8523
02/03/2021;20,6903;20,6123;20,9390
03/03/2021;20,8957;20,6903;20,6123
04/03/2021;20,8498;20,8957;20,6903
05/03/2021;21,2635;20,8498;20,8957
06/03/2021;N/E;N/E;20,8498
07/03/2021;N/E;N/E;20,8498
08/03/2021;21,4177;21,2635;20,8498
09/03/2021;21,2575;21,4177;21,2635
10/03/2021;20,9853;21,2575;21,4177
11/03/2021;20,7133;20,9853;21,2575
12/03/2021;20,7637;20,7133;20,9853
13/03/2021;N/E;N/E;20,7133
14/03/2021;N/E;N/E;20,7133
15/03/2021;N/E;N/E;20,7133
16/03/2021;20,5753;20,7637;20,7133
17/03/2021;20,6828;20,5753;20,7637
18/03/2021;20,4415;20,6828;20,5753
19/03/2021;20,4823;20,4415;20,6828
20/03/2021;N/E;N/E;20,4415
21/03/2021;N/E;N/E;20,4415
22/03/2021;20,5788;20,4823;20,4415
23/03/2021;20,6408;20,5788;20,4823
24/03/2021;20,7882;20,6408;20,5788
25/03/2021;20,7662;20,7882;20,6408
26/03/2021;20,5677;20,7662;20,7882
27/03/2021;N/E;N/E;20,7662
28/03/2021;N/E;N/E;20,7662
29/03/2021;20,6047;20,5677;20,7662
30/03/2021;20,6025;20,6047;20,5677
31/03/2021;20,4400;20,6025;20,6047
01/04/2021;N/E;N/E;20,6025
02/04/2021;N/E;N/E;20,6025
03/04/2021;N/E;N/E;20,6025
04/04/2021;N/E;N/E;20,6025
05/04/2021;20,2483;20,4400;20,6025
06/04/2021;20,1612;20,2483;20,4400
07/04/2021;20,1765;20,1612;20,2483
08/04/2021;20,0890;20,1765;20,1612
09/04/2021;20,1630;20,0890;20,1765
10/04/2021;N/E;N/E;20,0890
11/04/2021;N/E;N/E;20,0890
12/04/2021;20,0950;20,1630;20,0890
13/04/2021;20,0735;20,0950;20,1630
14/04/2021;20,0583;20,0735;20,0950
15/04/2021;19,9270;20,0583;20,0735
16/04/2021;19,9158;19,9270;20,0583
17/04/2021;N/E;N/E;19,9270
18/04/2021;N/E;N/E;19,9270
19/04/2021;19,8145;19,9158;19,9270
20/04/2021;19,8877;19,8145;19,9158
21/04/2021;19,8740;19,8877;19,8145
22/04/2021;19,8865;19,8740;19,8877
23/04/2021;19,8695;19,8865;19,8740
24/04/2021;N/E;N/E;19,8865
25/04/2021;N/E;N/E;19,8865
26/04/2021;19,8362;19,8695;19,8865
27/04/2021;19,9785;19,8362;19,8695
28/04/2021;19,9712;19,9785;19,8362
29/04/2021;20,0978;19,9712;19,9785
30/04/2021;20,1822;20,0978;19,9712
01/05/2021;N/E;N/E;20,0978
02/05/2021;N/E;N/E;20,0978
03/05/2021;20,1902;20,1822;20,0978
04/05/2021;20,2235;20,1902;20,1822
05/05/2021;20,2077;20,2235;20,1902
06/05/2021;20,1838;20,2077;20,2235
07/05/2021;19,9223;20,1838;20,2077
08/05/2021;N/E;N/E;20,1838
09/05/2021;N/E;N/E;20,1838
10/05/2021;19,8860;19,9223;20,1838
11/05/2021;19,8848;19,8860;19,9223
12/05/2021;20,0940;19,8848;19,8860
13/05/2021;20,0495;20,0940;19,8848
14/05/2021;19,8487;20,0495;20,0940
15/05/2021;N/E;N/E;20,0495
16/05/2021;N/E;N/E;20,0495
17/05/2021;19,8028;19,8487;20,0495
18/05/2021;19,8313;19,8028;19,8487
19/05/2021;19,8143;19,8313;19,8028
20/05/2021;19,8810;19,8143;19,8313
21/05/2021;19,9510;19,8810;19,8143
22/05/2021;N/E;N/E;19,8810
23/05/2021;N/E;N/E;19,8810
24/05/2021;19,8720;19,9510;19,8810
25/05/2021;19,8903;19,8720;19,9510
26/05/2021;19,8783;19,8903;19,8720
27/05/2021;19,9487;19,8783;19,8903
28/05/2021;19,9442;19,9487;19,8783
29/05/2021;N/E;N/E;19,9487
30/05/2021;N/E;N/E;19,9487
31/05/2021;19,9213;19,9442;19,9487
01/06/2021;19,8927;19,9213;19,9442
02/06/2021;19,9277;19,8927;19,9213
03/06/2021;20,0605;19,9277;19,8927
04/06/2021;19,9328;20,0605;19,9277
05/06/2021;N/E;N/E;20,0605
06/06/2021;N/E;N/E;20,0605
07/06/2021;19,7970;19,9328;20,0605
08/06/2021;19,7728;19,7970;19,9328
09/06/2021;19,6897;19,7728;19,7970
10/06/2021;19,7002;19,6897;19,7728
11/06/2021;19,8823;19,7002;19,6897
12/06/2021;N/E;N/E;19,7002
13/06/2021;N/E;N/E;19,7002
14/06/2021;19,9065;19,8823;19,7002
15/06/2021;20,1235;19,9065;19,8823
16/06/2021;20,0588;20,1235;19,9065
17/06/2021;20,4292;20,0588;20,1235
18/06/2021;20,7002;20,4292;20,0588
19/06/2021;N/E;N/E;20,4292
20/06/2021;N/E;N/E;20,4292
21/06/2021;20,6000;20,7002;20,4292
22/06/2021;20,5712;20,6000;20,7002
23/06/2021;20,2505;20,5712;20,6000
24/06/2021;20,0483;20,2505;20,5712
25/06/2021;19,7930;20,0483;20,2505
26/06/2021;N/E;N/E;20,0483
27/06/2021;N/E;N/E;20,0483
28/06/2021;19,8027;19,7930;20,0483
29/06/2021;19,8157;19,8027;19,7930
30/06/2021;19,9062;19,8157;19,8027
01/07/2021;20,0368;19,9062;19,8157
02/07/2021;19,8817;20,0368;19,9062
03/07/2021;N/E;N/E;20,0368
04/07/2021;N/E;N/E;20,0368
05/07/2021;19,8532;19,8817;20,0368
06/07/2021;19,9658;19,8532;19,8817
07/07/2021;19,9915;19,9658;19,8532
08/07/2021;20,0070;19,9915;19,9658
09/07/2021;19,8800;20,0070;19,9915
10/07/2021;N/E;N/E;20,0070
11/07/2021;N/E;N/E;20,0070
12/07/2021;19,8577;19,8800;20,0070
13/07/2021;19,9988;19,8577;19,8800
14/07/2021;19,8992;19,9988;19,8577
15/07/2021;19,9412;19,8992;19,9988
16/07/2021;19,8537;19,9412;19,8992
17/07/2021;N/E;N/E;19,9412
18/07/2021;N/E;N/E;19,9412
19/07/2021;20,0000;19,8537;19,9412
20/07/2021;20,1348;20,0000;19,8537
21/07/2021;20,1907;20,1348;20,0000
22/07/2021;20,1812;20,1907;20,1348
23/07/2021;20,0238;20,1812;20,1907
24/07/2021;N/E;N/E;20,1812
25/07/2021;N/E;N/E;20,1812
26/07/2021;20,0245;20,0238;20,1812
27/07/2021;19,9770;20,0245;20,0238
28/07/2021;19,9535;19,9770;20,0245
29/07/2021;19,8448;19,9535;19,9770
30/07/2021;19,8455;19,8448;19,9535
31/07/2021;N/E;N/E;19,8448
01/08/2021;N/E;N/E;19,8448
02/08/2021;19,8520;19,8455;19,8448
03/08/2021;19,8920;19,8520;19,8455
04/08/2021;19,9547;19,8920;19,8520
05/08/2021;19,9293;19,9547;19,8920
06/08/2021;20,0037;19,9293;19,9547
07/08/2021;N/E;N/E;19,9293
08/08/2021;N/E;N/E;19,9293
09/08/2021;20,0648;20,0037;19,9293
10/08/2021;20,1038;20,0648;20,0037
11/08/2021;19,9530;20,1038;20,0648
12/08/2021;19,8907;19,9530;20,1038
13/08/2021;19,8603;19,8907;19,9530
14/08/2021;N/E;N/E;19,8907
15/08/2021;N/E;N/E;19,8907
16/08/2021;19,8863;19,8603;19,8907
17/08/2021;19,9912;19,8863;19,8603
18/08/2021;20,0107;19,9912;19,8863
19/08/2021;20,1175;20,0107;19,9912
20/08/2021;20,4020;20,1175;20,0107
21/08/2021;N/E;N/E;20,1175
22/08/2021;N/E;N/E;20,1175
23/08/2021;20,3907;20,4020;20,1175
24/08/2021;20,2967;20,3907;20,4020
25/08/2021;20,2933;20,2967;20,3907
26/08/2021;20,3522;20,2933;20,2967
27/08/2021;20,2293;20,3522;20,2933
28/08/2021;N/E;N/E;20,3522
29/08/2021;N/E;N/E;20,3522
30/08/2021;20,1403;20,2293;20,3522
31/08/2021;20,0605;20,1403;20,2293
01/09/2021;19,9615;20,0605;20,1403
02/09/2021;19,9703;19,9615;20,0605
03/09/2021;19,8992;19,9703;19,9615
04/09/2021;N/E;N/E;19,9703
05/09/2021;N/E;N/E;19,9703
06/09/2021;19,8878;19,8992;19,9703
07/09/2021;19,9440;19,8878;19,8992
08/09/2021;19,9383;19,9440;19,8878
09/09/2021;19,9318;19,9383;19,9440
10/09/2021;19,8717;19,9318;19,9383
11/09/2021;N/E;N/E;19,9318
12/09/2021;N/E;N/E;19,9318
13/09/2021;19,8677;19,8717;19,9318
14/09/2021;19,9035;19,8677;19,8717
15/09/2021;19,9003;19,9035;19,8677
16/09/2021;N/E;N/E;19,9035
17/09/2021;19,9853;19,9003;19,9035
18/09/2021;N/E;N/E;19,9003
19/09/2021;N/E;N/E;19,9003
20/09/2021;20,1735;19,9853;19,9003
21/09/2021;20,1438;20,1735;19,9853
22/09/2021;20,0328;20,1438;20,1735
23/09/2021;20,0280;20,0328;20,1438
24/09/2021;20,1118;20,0280;20,0328
25/09/2021;N/E;N/E;20,0280
26/09/2021;N/E;N/E;20,0280
27/09/2021;20,1052;20,1118;20,0280
28/09/2021;20,3060;20,1052;20,1118
29/09/2021;20,4977;20,3060;20,1052
30/09/2021;20,5623;20,4977;20,3060
01/10/2021;20,5103;20,5623;20,4977
02/10/2021;N/E;N/E;20,5623
03/10/2021;N/E;N/E;20,5623
04/10/2021;20,5747;20,5103;20,5623
05/10/2021;20,5818;20,5747;20,5103
06/10/2021;20,6947;20,5818;20,5747
07/10/2021;20,6040;20,6947;20,5818
08/10/2021;20,7293;20,6040;20,6947
09/10/2021;N/E;N/E;20,6040
10/10/2021;N/E;N/E;20,6040
11/10/2021;20,8017;20,7293;20,6040
12/10/2021;20,7767;20,8017;20,7293
13/10/2021;20,6827;20,7767;20,8017
14/10/2021;20,6075;20,6827;20,7767
15/10/2021;20,4672;20,6075;20,6827
16/10/2021;N/E;N/E;20,6075
17/10/2021;N/E;N/E;20,6075
18/10/2021;20,3587;20,4672;20,6075
19/10/2021;20,2647;20,3587;20,4672
20/10/2021;20,1850;20,2647;20,3587
21/10/2021;20,2643;20,1850;20,2647
22/10/2021;20,1837;20,2643;20,1850
23/10/2021;N/E;N/E;20,2643
24/10/2021;N/E;N/E;20,2643
25/10/2021;20,1897;20,1837;20,2643
26/10/2021;20,1888;20,1897;20,1837
27/10/2021;20,1930;20,1888;20,1897
28/10/2021;20,3255;20,1930;20,1888
29/10/2021;20,5297;20,3255;20,1930
30/10/2021;N/E;N/E;20,3255
31/10/2021;N/E;N/E;20,3255
01/11/2021;20,8598;20,5297;20,3255
02/11/2021;N/E;N/E;20,5297
03/11/2021;20,8352;20,8598;20,5297
04/11/2021;20,6242;20,8352;20,8598
05/11/2021;20,3925;20,6242;20,8352
06/11/2021;N/E;N/E;20,6242
07/11/2021;N/E;N/E;20,6242
08/11/2021;20,3265;20,3925;20,6242
09/11/2021;20,2833;20,3265;20,3925
10/11/2021;20,4702;20,2833;20,3265
11/11/2021;20,4652;20,4702;20,2833
12/11/2021;20,5072;20,4652;20,4702
13/11/2021;N/E;N/E;20,4652
14/11/2021;N/E;N/E;20,4652
15/11/2021;N/E;N/E;20,4652
16/11/2021;20,8092;20,5072;20,4652
17/11/2021;20,6912;20,8092;20,5072
18/11/2021;20,7628;20,6912;20,8092
19/11/2021;20,8283;20,7628;20,6912
20/11/2021;N/E;N/E;20,7628
21/11/2021;N/E;N/E;20,7628
22/11/2021;20,9632;20,8283;20,7628
23/11/2021;21,2107;20,9632;20,8283
24/11/2021;21,4357;21,2107;20,9632
25/11/2021;21,5462;21,4357;21,2107
26/11/2021;21,8185;21,5462;21,4357
27/11/2021;N/E;N/E;21,5462
28/11/2021;N/E;N/E;21,5462
29/11/2021;21,7333;21,8185;21,5462
30/11/2021;21,4453;21,7333;21,8185
01/12/2021;21,2710;21,4453;21,7333
02/12/2021;21,3033;21,2710;21,4453
03/12/2021;21,4177;21,3033;21,2710
04/12/2021;N/E;N/E;21,3033
05/12/2021;N/E;N/E;21,3033
06/12/2021;21,2047;21,4177;21,3033
07/12/2021;21,0907;21,2047;21,4177
08/12/2021;20,9330;21,0907;21,2047
09/12/2021;21,0328;20,9330;21,0907
10/12/2021;20,8922;21,0328;20,9330
11/12/2021;N/E;N/E;21,0328
12/12/2021;N/E;N/E;21,0328
13/12/2021;20,9383;20,8922;21,0328
14/12/2021;21,1650;20,9383;20,8922
15/12/2021;21,2393;21,1650;20,9383
16/12/2021;20,9238;21,2393;21,1650
17/12/2021;20,7337;20,9238;21,2393
18/12/2021;N/E;N/E;20,9238
19/12/2021;N/E;N/E;20,9238
20/12/2021;20,7363;20,7337;20,9238
21/12/2021;20,7823;20,7363;20,7337
22/12/2021;20,7527;20,7823;20,7363
23/12/2021;20,6582;20,7527;20,7823
24/12/2021;20,6112;20,6582;20,7527
25/12/2021;N/E;N/E;20,6582
26/12/2021;N/E;N/E;20,6582
27/12/2021;20,6828;20,6112;20,6582
28/12/2021;20,5770;20,6828;20,6112
29/12/2021;20,5835;20,5770;20,6828
30/12/2021;20,5157;20,5835;20,5770
31/12/2021;20,4672;20,5157;20,5835
01/01/2022;N/E;N/E;20,5157
02/01/2022;N/E;N/E;20,5157
03/01/2022;20,5890;20,4672;20,5157
04/01/2022;20,4742;20,5890;20,4672
05/01/2022;20,3977;20,4742;20,5890
06/01/2022;20,4588;20,3977;20,4742
07/01/2022;20,4237;20,4588;20,3977
08/01/2022;N/E;N/E;20,4588
09/01/2022;N/E;N/E;20,4588
10/01/2022;20,4453;20,4237;20,4588
11/01/2022;20,3785;20,4453;20,4237
12/01/2022;20,3660;20,3785;20,4453
13/01/2022;20,3607;20,3660;20,3785
14/01/2022;20,3118;20,3607;20,3660
15/01/2022;N/E;N/E;20,3607
16/01/2022;N/E;N/E;20,3607
17/01/2022;20,3002;20,3118;20,3607
18/01/2022;20,4030;20,3002;20,3118
19/01/2022;20,4600;20,4030;20,3002
20/01/2022;20,4507;20,4600;20,4030
21/01/2022;20,4598;20,4507;20,4600
22/01/2022;N/E;N/E;20,4507
23/01/2022;N/E;N/E;20,4507
24/01/2022;20,6308;20,4598;20,4507
25/01/2022;20,6683;20,6308;20,4598
26/01/2022;20,6415;20,6683;20,6308
27/01/2022;20,7383;20,6415;20,6683
28/01/2022;20,8597;20,7383;20,6415
29/01/2022;N/E;N/E;20,7383
30/01/2022;N/E;N/E;20,7383
31/01/2022;20,6352;20,8597;20,7383
01/02/2022;20,5800;20,6352;20,8597
02/02/2022;20,6003;20,5800;20,6352
03/02/2022;20,5562;20,6003;20,5800
04/02/2022;20,7325;20,5562;20,6003
05/02/2022;N/E;N/E;20,5562
06/02/2022;N/E;N/E;20,5562
07/02/2022;N/E;N/E;20,5562
08/02/2022;20,6413;20,7325;20,5562
09/02/2022;20,5008;20,6413;20,7325
10/02/2022;20,4148;20,5008;20,6413
11/02/2022;20,4188;20,4148;20,5008
12/02/2022;N/E;N/E;20,4148
13/02/2022;N/E;N/E;20,4148
14/02/2022;20,4110;20,4188;20,4148
15/02/2022;20,3992;20,4110;20,4188
16/02/2022;20,3335;20,3992;20,4110
17/02/2022;20,2978;20,3335;20,3992
18/02/2022;20,3063;20,2978;20,3335
19/02/2022;N/E;N/E;20,2978
20/02/2022;N/E;N/E;20,2978
21/02/2022;20,2825;20,3063;20,2978
22/02/2022;20,2977;20,2825;20,3063
23/02/2022;20,2435;20,2977;20,2825
24/02/2022;20,6525;20,2435;20,2977
25/02/2022;20,4465;20,6525;20,2435
26/02/2022;N/E;N/E;20,6525
27/02/2022;N/E;N/E;20,6525
28/02/2022;20,4257;20,4465;20,6525
01/03/2022;20,5272;20,4257;20,4465
02/03/2022;20,7193;20,5272;20,4257
03/03/2022;20,7033;20,7193;20,5272
04/03/2022;20,9262;20,7033;20,7193
05/03/2022;N/E;N/E;20,7033
06/03/2022;N/E;N/E;20,7033
07/03/2022;21,1947;20,9262;20,7033
08/03/2022;21,3775;21,1947;20,9262
09/03/2022;20,9677;21,3775;21,1947
10/03/2022;20,9743;20,9677;21,3775
11/03/2022;20,9695;20,9743;20,9677
12/03/2022;N/E;N/E;20,9743
13/03/2022;N/E;N/E;20,9743
14/03/2022;20,8908;20,9695;20,9743
15/03/2022;20,8743;20,8908;20,9695
16/03/2022;20,7035;20,8743;20,8908
17/03/2022;20,5585;20,7035;20,8743
18/03/2022;20,4145;20,5585;20,7035
19/03/2022;N/E;N/E;20,5585
20/03/2022;N/E;N/E;20,5585
21/03/2022;N/E;N/E;20,5585
22/03/2022;20,2782;20,4145;20,5585
23/03/2022;20,1800;20,2782;20,4145
24/03/2022;20,1313;20,1800;20,2782
25/03/2022;19,9577;20,1313;20,1800
26/03/2022;N/E;N/E;20,1313
27/03/2022;N/E;N/E;20,1313
28/03/2022;20,1195;19,9577;20,1313
29/03/2022;19,9942;20,1195;19,9577
30/03/2022;19,8632;19,9942;20,1195
31/03/2022;19,9112;19,8632;19,9942
01/04/2022;19,8432;19,9112;19,8632
02/04/2022;N/E;N/E;19,9112
03/04/2022;N/E;N/E;19,9112
04/04/2022;19,7443;19,8432;19,9112
05/04/2022;19,9012;19,7443;19,8432
06/04/2022;20,0665;19,9012;19,7443
07/04/2022;20,1605;20,0665;19,9012
08/04/2022;20,1200;20,1605;20,0665
09/04/2022;N/E;N/E;20,1605
10/04/2022;N/E;N/E;20,1605
11/04/2022;20,0093;20,1200;20,1605
12/04/2022;19,8407;20,0093;20,1200
13/04/2022;19,7967;19,8407;20,0093
14/04/2022;N/E;N/E;19,8407
15/04/2022;N/E;N/E;19,8407
16/04/2022;N/E;N/E;19,8407
17/04/2022;N/E;N/E;19,8407
18/04/2022;19,9377;19,7967;19,8407
19/04/2022;20,0447;19,9377;19,7967
20/04/2022;20,0383;20,0447;19,9377
21/04/2022;20,1802;20,0383;20,0447
22/04/2022;20,3183;20,1802;20,0383
23/04/2022;N/E;N/E;20,1802
24/04/2022;N/E;N/E;20,1802
25/04/2022;20,2992;20,3183;20,1802
26/04/2022;20,3560;20,2992;20,3183
27/04/2022;20,4707;20,3560;20,2992
28/04/2022;20,5670;20,4707;20,3560
29/04/2022;20,3728;20,5670;20,4707
30/04/2022;N/E;N/E;20,5670
01/05/2022;N/E;N/E;20,5670
02/05/2022;20,4075;20,3728;20,5670
03/05/2022;20,3350;20,4075;20,3728
04/05/2022;20,2535;20,3350;20,4075
05/05/2022;20,2218;20,2535;20,3350
06/05/2022;20,1085;20,2218;20,2535
07/05/2022;N/E;N/E;20,2218
08/05/2022;N/E;N/E;20,2218
09/05/2022;20,3172;20,1085;20,2218
10/05/2022;20,3720;20,3172;20,1085
11/05/2022;20,2592;20,3720;20,3172
12/05/2022;20,3200;20,2592;20,3720
13/05/2022;20,1443;20,3200;20,2592
14/05/2022;N/E;N/E;20,3200
15/05/2022;N/E;N/E;20,3200
16/05/2022;20,0782;20,1443;20,3200
17/05/2022;19,9637;20,0782;20,1443
18/05/2022;19,9663;19,9637;20,0782
19/05/2022;19,9267;19,9663;19,9637
20/05/2022;19,8657;19,9267;19,9663
21/05/2022;N/E;N/E;19,9267
22/05/2022;N/E;N/E;19,9267
23/05/2022;19,8282;19,8657;19,9267
24/05/2022;19,8870;19,8282;19,8657
25/05/2022;19,8377;19,8870;19,8282
26/05/2022;19,7933;19,8377;19,8870
27/05/2022;19,5965;19,7933;19,8377
28/05/2022;N/E;N/E;19,7933
29/05/2022;N/E;N/E;19,7933
30/05/2022;19,4953;19,5965;19,7933
31/05/2022;19,6940;19,4953;19,5965
01/06/2022;19,7388;19,6940;19,4953
02/06/2022;19,5585;19,7388;19,6940
03/06/2022;19,5742;19,5585;19,7388
04/06/2022;N/E;N/E;19,5585
05/06/2022;N/E;N/E;19,5585
06/06/2022;19,5547;19,5742;19,5585
07/06/2022;19,5998;19,5547;19,5742
08/06/2022;19,5900;19,5998;19,5547
09/06/2022;19,6128;19,5900;19,5998
10/06/2022;19,9297;19,6128;19,5900
11/06/2022;N/E;N/E;19,6128
12/06/2022;N/E;N/E;19,6128
13/06/2022;20,4527;19,9297;19,6128
14/06/2022;20,6583;20,4527;19,9297
15/06/2022;20,6675;20,6583;20,4527
16/06/2022;20,5728;20,6675;20,6583
17/06/2022;20,4760;20,5728;20,6675
18/06/2022;N/E;N/E;20,5728
19/06/2022;N/E;N/E;20,5728
20/06/2022;20,2442;20,4760;20,5728
21/06/2022;20,1963;20,2442;20,4760
22/06/2022;20,0465;20,1963;20,2442
23/06/2022;20,0365;20,0465;20,1963
24/06/2022;19,8707;20,0365;20,0465
25/06/2022;N/E;N/E;20,0365
26/06/2022;N/E;N/E;20,0365
27/06/2022;19,8797;19,8707;20,0365
28/06/2022;19,9847;19,8797;19,8707
29/06/2022;20,1443;19,9847;19,8797
30/06/2022;20,1335;20,1443;19,9847
01/07/2022;20,3817;20,1335;20,1443
02/07/2022;N/E;N/E;20,1335
03/07/2022;N/E;N/E;20,1335
04/07/2022;20,2877;20,3817;20,1335
05/07/2022;20,5598;20,2877;20,3817
06/07/2022;20,7228;20,5598;20,2877
07/07/2022;20,6022;20,7228;20,5598
08/07/2022;20,4423;20,6022;20,7228
09/07/2022;N/E;N/E;20,6022
10/07/2022;N/E;N/E;20,6022
11/07/2022;20,7473;20,4423;20,6022
12/07/2022;20,7882;20,7473;20,4423
13/07/2022;20,7613;20,7882;20,7473
14/07/2022;20,9415;20,7613;20,7882
15/07/2022;20,6110;20,9415;20,7613
16/07/2022;N/E;N/E;20,9415
17/07/2022;N/E;N/E;20,9415
18/07/2022;20,3957;20,6110;20,9415
19/07/2022;20,4407;20,3957;20,6110
20/07/2022;20,4913;20,4407;20,3957
21/07/2022;20,6562;20,4913;20,4407
22/07/2022;20,5150;20,6562;20,4913
23/07/2022;N/E;N/E;20,6562
24/07/2022;N/E;N/E;20,6562
25/07/2022;20,4652;20,5150;20,6562
26/07/2022;20,4330;20,4652;20,5150
27/07/2022;20,5120;20,4330;20,4652
28/07/2022;20,3778;20,5120;20,4330
29/07/2022;20,3485;20,3778;20,5120
30/07/2022;N/E;N/E;20,3778
31/07/2022;N/E;N/E;20,3778
01/08/2022;20,2633;20,3485;20,3778
02/08/2022;20,5152;20,2633;20,3485
03/08/2022;20,6305;20,5152;20,2633
04/08/2022;20,3358;20,6305;20,5152
05/08/2022;20,4010;20,3358;20,6305
06/08/2022;N/E;N/E;20,3358
07/08/2022;N/E;N/E;20,3358
08/08/2022;20,2789;20,4010;20,3358
09/08/2022;20,2715;20,2789;20,4010
10/08/2022;19,9562;20,2715;20,2789
11/08/2022;19,9595;19,9562;20,2715
12/08/2022;19,8740;19,9595;19,9562
13/08/2022;N/E;N/E;19,9595
14/08/2022;N/E;N/E;19,9595
15/08/2022;19,8618;19,8740;19,9595
16/08/2022;19,9303;19,8618;19,8740
17/08/2022;20,0387;19,9303;19,8618
18/08/2022;20,0835;20,0387;19,9303
19/08/2022;20,1957;20,0835;20,0387
20/08/2022;N/E;N/E;20,0835
21/08/2022;N/E;N/E;20,0835
22/08/2022;20,1598;20,1957;20,0835
23/08/2022;19,9982;20,1598;20,1957
24/08/2022;19,9198;19,9982;20,1598
25/08/2022;19,9437;19,9198;19,9982
26/08/2022;19,9268;19,9437;19,9198
27/08/2022;N/E;N/E;19,9437
28/08/2022;N/E;N/E;19,9437
29/08/2022;19,9945;19,9268;19,9437
30/08/2022;20,1465;19,9945;19,9268
31/08/2022;20,0962;20,1465;19,9945
01/09/2022;20,2473;20,0962;20,1465
02/09/2022;19,9753;20,2473;20,0962
03/09/2022;N/E;N/E;20,2473
04/09/2022;N/E;N/E;20,2473
05/09/2022;19,9620;19,9753;20,2473
06/09/2022;20,1380;19,9620;19,9753
07/09/2022;20,0297;20,1380;19,9620
08/09/2022;20,0203;20,0297;20,1380
09/09/2022;19,9027;20,0203;20,0297
10/09/2022;N/E;N/E;20,0203
11/09/2022;N/E;N/E;20,0203
12/09/2022;19,7957;19,9027;20,0203
13/09/2022;20,0550;19,7957;19,9027
14/09/2022;19,9768;20,0550;19,7957
15/09/2022;20,0525;19,9768;20,0550
16/09/2022;N/E;N/E;19,9768
17/09/2022;N/E;N/E;19,9768
18/09/2022;N/E;N/E;19,9768
19/09/2022;19,9943;20,0525;19,9768
20/09/2022;20,0000;19,9943;20,0525
21/09/2022;20,0027;20,0000;19,9943
22/09/2022;19,9608;20,0027;20,0000
23/09/2022;20,1627;19,9608;20,0027
24/09/2022;N/E;N/E;19,9608
25/09/2022;N/E;N/E;19,9608
26/09/2022;20,3517;20,1627;19,9608
27/09/2022;20,3570;20,3517;20,1627
28/09/2022;20,3058;20,3570;20,3517
29/09/2022;20,1927;20,3058;20,3570
30/09/2022;20,0925;20,1927;20,3058
01/10/2022;N/E;N/E;20,1927
02/10/2022;N/E;N/E;20,1927
03/10/2022;20,0008;20,0925;20,1927
04/10/2022;19,9698;20,0008;20,0925
05/10/2022;20,1267;19,9698;20,0008
06/10/2022;20,1087;20,1267;19,9698
07/10/2022;20,0502;20,1087;20,1267
08/10/2022;N/E;N/E;20,1087
09/10/2022;N/E;N/E;20,1087
10/10/2022;19,9752;20,0502;20,1087
11/10/2022;19,9652;19,9752;20,0502
12/10/2022;20,0352;19,9652;19,9752
13/10/2022;20,0398;20,0352;19,9652
14/10/2022;20,0838;20,0398;20,0352
15/10/2022;N/E;N/E;20,0398
16/10/2022;N/E;N/E;20,0398
17/10/2022;19,9913;20,0838;20,0398
18/10/2022;20,0207;19,9913;20,0838
19/10/2022;20,1272;20,0207;19,9913
20/10/2022;20,0448;20,1272;20,0207
21/10/2022;19,9647;20,0448;20,1272
22/10/2022;N/E;N/E;20,0448
23/10/2022;N/E;N/E;20,0448
24/10/2022;19,9535;19,9647;20,0448
25/10/2022;19,8712;19,9535;19,9647
26/10/2022;19,8553;19,8712;19,9535
27/10/2022;19,8365;19,8553;19,8712
28/10/2022;19,8303;19,8365;19,8553
29/10/2022;N/E;N/E;19,8365
30/10/2022;N/E;N/E;19,8365
31/10/2022;19,8245;19,8303;19,8365
01/11/2022;19,7463;19,8245;19,8303
02/11/2022;N/E;N/E;19,8245
03/11/2022;19,6673;19,7463;19,8245
04/11/2022;19,5202;19,6673;19,7463
05/11/2022;N/E;N/E;19,6673
06/11/2022;N/E;N/E;19,6673
07/11/2022;19,4647;19,5202;19,6673
08/11/2022;19,4775;19,4647;19,5202
09/11/2022;19,5887;19,4775;19,4647
10/11/2022;19,3940;19,5887;19,4775
11/11/2022;19,5353;19,3940;19,5887
12/11/2022;N/E;N/E;19,3940
13/11/2022;N/E;N/E;19,3940
14/11/2022;19,4015;19,5353;19,3940
15/11/2022;19,3818;19,4015;19,5353
16/11/2022;19,3137;19,3818;19,4015
17/11/2022;19,4333;19,3137;19,3818
18/11/2022;19,4930;19,4333;19,3137
19/11/2022;N/E;N/E;19,4333
20/11/2022;N/E;N/E;19,4333
21/11/2022;N/E;N/E;19,4333
22/11/2022;19,4667;19,4930;19,4333
23/11/2022;19,3683;19,4667;19,4930
24/11/2022;19,3692;19,3683;19,4667
25/11/2022;19,3393;19,3692;19,3683
26/11/2022;N/E;N/E;19,3692
27/11/2022;N/E;N/E;19,3692
28/11/2022;19,3250;19,3393;19,3692
29/11/2022;19,2160;19,3250;19,3393
30/11/2022;19,3965;19,2160;19,3250
01/12/2022;19,1433;19,3965;19,2160
02/12/2022;19,3422;19,1433;19,3965
03/12/2022;N/E;N/E;19,1433
04/12/2022;N/E;N/E;19,1433
05/12/2022;19,7567;19,3422;19,1433
06/12/2022;19,8030;19,7567;19,3422
07/12/2022;19,6977;19,8030;19,7567
08/12/2022;19,6732;19,6977;19,8030
09/12/2022;19,8192;19,6732;19,6977
10/12/2022;N/E;N/E;19,6732
11/12/2022;N/E;N/E;19,6732
12/12/2022;N/E;N/E;19,6732
13/12/2022;19,6458;19,8192;19,6732
14/12/2022;19,6955;19,6458;19,8192
15/12/2022;19,7963;19,6955;19,6458
16/12/2022;19,7932;19,7963;19,6955
17/12/2022;N/E;N/E;19,7963
18/12/2022;N/E;N/E;19,7963
19/12/2022;19,7557;19,7932;19,7963
20/12/2022;19,7482;19,7557;19,7932
21/12/2022;19,6932;19,7482;19,7557
22/12/2022;19,5740;19,6932;19,7482
23/12/2022;19,4287;19,5740;19,6932
24/12/2022;N/E;N/E;19,5740
25/12/2022;N/E;N/E;19,5740
26/12/2022;19,3983;19,4287;19,5740
27/12/2022;19,4407;19,3983;19,4287
28/12/2022;19,4143;19,4407;19,3983
29/12/2022;19,3615;19,4143;19,4407
30/12/2022;19,4715;19,3615;19,4143
31/12/2022;N/E;N/E;19,3615
01/01/2023;N/E;N/E;19,3615
02/01/2023;19,4883;19,4715;19,3615
03/01/2023;19,4220;19,4883;19,4715
04/01/2023;19,3568;19,4220;19,4883
05/01/2023;19,3672;19,3568;19,4220
06/01/2023;19,1753;19,3672;19,3568
07/01/2023;N/E;N/E;19,3672
08/01/2023;N/E;N/E;19,3672
09/01/2023;19,1648;19,1753;19,3672
10/01/2023;19,1108;19,1648;19,1753
11/01/2023;19,0260;19,1108;19,1648
12/01/2023;18,8735;19,0260;19,1108
13/01/2023;18,7922;18,8735;19,0260
14/01/2023;N/E;N/E;18,8735
15/01/2023;N/E;N/E;18,8735
16/01/2023;18,7913;18,7922;18,8735
17/01/2023;18,7493;18,7913;18,7922
18/01/2023;18,7493;18,7493;18,7913
19/01/2023;19,0327;18,7493;18,7493
20/01/2023;18,9257;19,0327;18,7493
21/01/2023;N/E;N/E;19,0327
22/01/2023;N/E;N/E;19,0327
23/01/2023;18,8267;18,9257;19,0327
24/01/2023;18,8318;18,8267;18,9257
25/01/2023;18,8200;18,8318;18,8267
26/01/2023;18,8355;18,8200;18,8318
27/01/2023;18,7872;18,8355;18,8200
28/01/2023;N/E;N/E;18,8355
29/01/2023;N/E;N/E;18,8355
30/01/2023;18,7793;18,7872;18,8355
31/01/2023;18,7937;18,7793;18,7872
01/02/2023;18,7390;18,7937;18,7793
02/02/2023;18,6232;18,7390;18,7937
03/02/2023;18,8895;18,6232;18,7390
04/02/2023;N/E;N/E;18,6232
05/02/2023;N/E;N/E;18,6232
06/02/2023;N/E;N/E;18,6232
07/02/2023;19,0517;18,8895;18,6232
08/02/2023;18,9435;19,0517;18,8895
09/02/2023;18,9543;18,9435;19,0517
10/02/2023;18,6893;18,9543;18,9435
11/02/2023;N/E;N/E;18,9543
12/02/2023;N/E;N/E;18,9543
13/02/2023;18,6327;18,6893;18,9543
14/02/2023;18,5383;18,6327;18,6893
15/02/2023;18,6428;18,5383;18,6327
16/02/2023;18,5497;18,6428;18,5383
17/02/2023;18,4142;18,5497;18,6428
18/02/2023;N/E;N/E;18,5497
19/02/2023;N/E;N/E;18,5497
20/02/2023;18,3970;18,4142;18,5497
21/02/2023;18,3938;18,3970;18,4142
22/02/2023;18,3483;18,3938;18,3970
23/02/2023;18,4107;18,3483;18,3938
24/02/2023;18,4023;18,4107;18,3483
25/02/2023;N/E;N/E;18,4107
26/02/2023;N/E;N/E;18,4107
27/02/2023;18,4077;18,4023;18,4107
28/02/2023;18,3448;18,4077;18,4023
01/03/2023;18,1700;18,3448;18,4077
02/03/2023;18,1260;18,1700;18,3448
03/03/2023;18,0123;18,1260;18,1700
04/03/2023;N/E;N/E;18,1260
05/03/2023;N/E;N/E;18,1260
06/03/2023;18,0122;18,0123;18,1260
07/03/2023;18,1155;18,0122;18,0123
08/03/2023;17,9662;18,1155;18,0122
09/03/2023;18,0577;17,9662;18,1155
10/03/2023;18,4083;18,0577;17,9662
11/03/2023;N/E;N/E;18,0577
12/03/2023;N/E;N/E;18,0577
13/03/2023;18,8302;18,4083;18,0577
14/03/2023;18,6427;18,8302;18,4083
15/03/2023;18,9972;18,6427;18,8302
16/03/2023;18,9095;18,9972;18,6427
17/03/2023;18,8977;18,9095;18,9972
18/03/2023;N/E;N/E;18,9095
19/03/2023;N/E;N/E;18,9095
20/03/2023;N/E;N/E;18,9095
21/03/2023;18,6755;18,8977;18,9095
22/03/2023;18,5437;18,6755;18,8977
23/03/2023;18,4902;18,5437;18,6755
24/03/2023;18,5178;18,4902;18,5437
25/03/2023;N/E;N/E;18,4902
26/03/2023;N/E;N/E;18,4902
27/03/2023;18,3830;18,5178;18,4902
28/03/2023;18,2523;18,3830;18,5178
29/03/2023;18,1052;18,2523;18,3830
30/03/2023;18,0932;18,1052;18,2523
31/03/2023;18,0415;18,0932;18,1052
01/04/2023;N/E;N/E;18,0932
02/04/2023;N/E;N/E;18,0932
03/04/2023;18,1070;18,0415;18,0932
04/04/2023;18,1185;18,1070;18,0415
05/04/2023;18,3323;18,1185;18,1070
06/04/2023;N/E;N/E;18,1185
07/04/2023;N/E;N/E;18,1185
08/04/2023;N/E;N/E;18,1185
09/04/2023;N/E;N/E;18,1185
10/04/2023;18,1765;18,3323;18,1185
11/04/2023;18,1870;18,1765;18,3323
12/04/2023;18,0660;18,1870;18,1765
13/04/2023;18,0152;18,0660;18,1870
14/04/2023;18,0638;18,0152;18,0660
15/04/2023;N/E;N/E;18,0152
16/04/2023;N/E;N/E;18,0152
17/04/2023;18,0868;18,0638;18,0152
18/04/2023;18,0630;18,0868;18,0638
19/04/2023;18,0448;18,0630;18,0868
20/04/2023;18,0090;18,0448;18,0630
21/04/2023;17,9988;18,0090;18,0448
22/04/2023;N/E;N/E;18,0090
23/04/2023;N/E;N/E;18,0090
24/04/2023;18,0082;17,9988;18,0090
25/04/2023;18,0892;18,0082;17,9988
26/04/2023;18,1030;18,0892;18,0082
27/04/2023;18,0723;18,1030;18,0892
28/04/2023;17,9975;18,0723;18,1030
29/04/2023;N/E;N/E;18,0723
30/04/2023;N/E;N/E;18,0723
01/05/2023;N/E;N/E;18,0723
02/05/2023;18,0325;17,9975;18,0723
03/05/2023;17,9060;18,0325;17,9975
04/05/2023;17,9575;17,9060;18,0325
05/05/2023;17,7863;17,9575;17,9060
06/05/2023;N/E;N/E;17,9575
07/05/2023;N/E;N/E;17,9575
08/05/2023;17,8213;17,7863;17,9575
09/05/2023;17,7608;17,8213;17,7863
10/05/2023;17,5845;17,7608;17,8213
11/05/2023;17,6287;17,5845;17,7608
12/05/2023;17,6142;17,6287;17,5845
13/05/2023;N/E;N/E;17,6287
14/05/2023;N/E;N/E;17,6287
15/05/2023;17,5380;17,6142;17,6287
16/05/2023;17,4672;17,5380;17,6142
17/05/2023;17,5872;17,4672;17,5380
18/05/2023;17,7342;17,5872;17,4672
19/05/2023;17,6930;17,7342;17,5872
20/05/2023;N/E;N/E;17,7342
21/05/2023;N/E;N/E;17,7342
22/05/2023;17,8680;17,6930;17,7342
23/05/2023;17,9687;17,8680;17,6930
24/05/2023;17,8195;17,9687;17,8680
25/05/2023;17,8252;17,8195;17,9687
26/05/2023;17,6723;17,8252;17,8195
27/05/2023;N/E;N/E;17,8252
28/05/2023;N/E;N/E;17,8252
29/05/2023;17,5605;17,6723;17,8252
30/05/2023;17,6532;17,5605;17,6723
31/05/2023;17,7418;17,6532;17,5605
01/06/2023;17,5673;17,7418;17,6532
02/06/2023;17,5063;17,5673;17,7418
03/06/2023;N/E;N/E;17,5673
04/06/2023;N/E;N/E;17,5673
05/06/2023;17,4732;17,5063;17,5673
06/06/2023;17,4192;17,4732;17,5063
07/06/2023;17,3608;17,4192;17,4732
08/06/2023;17,4085;17,3608;17,4192
09/06/2023;17,2840;17,4085;17,3608
10/06/2023;N/E;N/E;17,4085
11/06/2023;N/E;N/E;17,4085
12/06/2023;17,3120;17,2840;17,4085
13/06/2023;17,2185;17,3120;17,2840
14/06/2023;17,1247;17,2185;17,3120
15/06/2023;17,1762;17,1247;17,2185
16/06/2023;17,0792;17,1762;17,1247
17/06/2023;N/E;N/E;17,1762
18/06/2023;N/E;N/E;17,1762
19/06/2023;17,0945;17,0792;17,1762
20/06/2023;17,2043;17,0945;17,0792
21/06/2023;17,1547;17,2043;17,0945
22/06/2023;17,1713;17,1547;17,2043
23/06/2023;17,1795;17,1713;17,1547
24/06/2023;N/E;N/E;17,1713
25/06/2023;N/E;N/E;17,1713
26/06/2023;17,1445;17,1795;17,1713
27/06/2023;17,1013;17,1445;17,1795
28/06/2023;17,0720;17,1013;17,1445
29/06/2023;17,1187;17,0720;17,1013
30/06/2023;17,1358;17,1187;17,0720
01/07/2023;N/E;N/E;17,1187
02/07/2023;N/E;N/E;17,1187
03/07/2023;17,0517;17,1358;17,1187
04/07/2023;17,0260;17,0517;17,1358
05/07/2023;17,0040;17,0260;17,0517
06/07/2023;17,2825;17,0040;17,0260
07/07/2023;17,1012;17,2825;17,0040
08/07/2023;N/E;N/E;17,2825
09/07/2023;N/E;N/E;17,2825
10/07/2023;17,0605;17,1012;17,2825
11/07/2023;17,0783;17,0605;17,1012
12/07/2023;16,8537;17,0783;17,0605
13/07/2023;16,8905;16,8537;17,0783
14/07/2023;16,7892;16,8905;16,8537
15/07/2023;N/E;N/E;16,8905
16/07/2023;N/E;N/E;16,8905
17/07/2023;16,7858;16,7892;16,8905
18/07/2023;16,7480;16,7858;16,7892
19/07/2023;16,7667;16,7480;16,7858
20/07/2023;16,8460;16,7667;16,7480
21/07/2023;16,9393;16,8460;16,7667
22/07/2023;N/E;N/E;16,8460
23/07/2023;N/E;N/E;16,8460
24/07/2023;16,8367;16,9393;16,8460
25/07/2023;16,9075;16,8367;16,9393
26/07/2023;16,8825;16,9075;16,8367
27/07/2023;16,7338;16,8825;16,9075
28/07/2023;16,6895;16,7338;16,8825
29/07/2023;N/E;N/E;16,7338
30/07/2023;N/E;N/E;16,7338
31/07/2023;16,7303;16,6895;16,7338
01/08/2023;16,8533;16,7303;16,6895
02/08/2023;17,0193;16,8533;16,7303
03/08/2023;17,2892;17,0193;16,8533
04/08/2023;17,0555;17,2892;17,0193
05/08/2023;N/E;N/E;17,2892
06/08/2023;N/E;N/E;17,2892
07/08/2023;17,0608;17,0555;17,2892
08/08/2023;17,1122;17,0608;17,0555
09/08/2023;17,0767;17,1122;17,0608
10/08/2023;16,9548;17,0767;17,1122
11/08/2023;17,0045;16,9548;17,0767
12/08/2023;N/E;N/E;16,9548
13/08/2023;N/E;N/E;16,9548
14/08/2023;17,0672;17,0045;16,9548
15/08/2023;17,1388;17,0672;17,0045
16/08/2023;17,0768;17,1388;17,0672
17/08/2023;17,1225;17,0768;17,1388
18/08/2023;17,0477;17,1225;17,0768
19/08/2023;N/E;N/E;17,1225
20/08/2023;N/E;N/E;17,1225
21/08/2023;17,0202;17,0477;17,1225
22/08/2023;16,9267;17,0202;17,0477
23/08/2023;16,8077;16,9267;17,0202
24/08/2023;16,8090;16,8077;16,9267
25/08/2023;16,7718;16,8090;16,8077
26/08/2023;N/E;N/E;16,8090
27/08/2023;N/E;N/E;16,8090
28/08/2023;16,7432;16,7718;16,8090
29/08/2023;16,8402;16,7432;16,7718
30/08/2023;16,7477;16,8402;16,7432
31/08/2023;16,9170;16,7477;16,8402
01/09/2023;17,1113;16,9170;16,7477
02/09/2023;N/E;N/E;16,9170
03/09/2023;N/E;N/E;16,9170
04/09/2023;17,1750;17,1113;16,9170
05/09/2023;17,3492;17,1750;17,1113
06/09/2023;17,5805;17,3492;17,1750
07/09/2023;17,5543;17,5805;17,3492
08/09/2023;17,5767;17,5543;17,5805
09/09/2023;N/E;N/E;17,5543
10/09/2023;N/E;N/E;17,5543
11/09/2023;17,3813;17,5767;17,5543
12/09/2023;17,2553;17,3813;17,5767
13/09/2023;17,1235;17,2553;17,3813
14/09/2023;17,1042;17,1235;17,2553
15/09/2023;17,0807;17,1042;17,1235
16/09/2023;N/E;N/E;17,1042
17/09/2023;N/E;N/E;17,1042
18/09/2023;17,1307;17,0807;17,1042
19/09/2023;17,0805;17,1307;17,0807
20/09/2023;17,0240;17,0805;17,1307
21/09/2023;17,1675;17,0240;17,0805
22/09/2023;17,1568;17,1675;17,0240
23/09/2023;N/E;N/E;17,1675
24/09/2023;N/E;N/E;17,1675
25/09/2023;17,3733;17,1568;17,1675
26/09/2023;17,4758;17,3733;17,1568
27/09/2023;17,7287;17,4758;17,3733
28/09/2023;17,6195;17,7287;17,4758
29/09/2023;17,4127;17,6195;17,7287
30/09/2023;N/E;N/E;17,6195
01/10/2023;N/E;N/E;17,6195
02/10/2023;17,5920;17,4127;17,6195
03/10/2023;17,9025;17,5920;17,4127
04/10/2023;18,0170;17,9025;17,5920
05/10/2023;18,2407;18,0170;17,9025
06/10/2023;18,1837;18,2407;18,0170
07/10/2023;N/E;N/E;18,2407
08/10/2023;N/E;N/E;18,2407
09/10/2023;18,3482;18,1837;18,2407
10/10/2023;17,9917;18,3482;18,1837
11/10/2023;17,8420;17,9917;18,3482
12/10/2023;17,9132;17,8420;17,9917
13/10/2023;18,0362;17,9132;17,8420
14/10/2023;N/E;N/E;17,9132
15/10/2023;N/E;N/E;17,9132
16/10/2023;17,9568;18,0362;17,9132
17/10/2023;17,9097;17,9568;18,0362
18/10/2023;18,2440;17,9097;17,9568
19/10/2023;18,2873;18,2440;17,9097
20/10/2023;18,2343;18,2873;18,2440
21/10/2023;N/E;N/E;18,2873
22/10/2023;N/E;N/E;18,2873
23/10/2023;18,1218;18,2343;18,2873
24/10/2023;18,2842;18,1218;18,2343
25/10/2023;18,3122;18,2842;18,1218
26/10/2023;18,2178;18,3122;18,2842
27/10/2023;18,0752;18,2178;18,3122
28/10/2023;N/E;N/E;18,2178
29/10/2023;N/E;N/E;18,2178
30/10/2023;18,0640;18,0752;18,2178
31/10/2023;18,0368;18,0640;18,0752
01/11/2023;17,9305;18,0368;18,0640
02/11/2023;N/E;N/E;18,0368
03/11/2023;17,4117;17,9305;18,0368
04/11/2023;N/E;N/E;17,9305
05/11/2023;N/E;N/E;17,9305
06/11/2023;17,5308;17,4117;17,9305
07/11/2023;17,5097;17,5308;17,4117
08/11/2023;17,5017;17,5097;17,5308
09/11/2023;17,4888;17,5017;17,5097
10/11/2023;17,7480;17,4888;17,5017
11/11/2023;N/E;N/E;17,4888
12/11/2023;N/E;N/E;17,4888
13/11/2023;17,6138;17,7480;17,4888
14/11/2023;17,3917;17,6138;17,7480
15/11/2023;17,3387;17,3917;17,6138
16/11/2023;17,2708;17,3387;17,3917
17/11/2023;17,2175;17,2708;17,3387
18/11/2023;N/E;N/E;17,2708
19/11/2023;N/E;N/E;17,2708
20/11/2023;N/E;N/E;17,2708
21/11/2023;17,2102;17,2175;17,2708
22/11/2023;17,2133;17,2102;17,2175
23/11/2023;17,1787;17,2133;17,2102
24/11/2023;17,1268;17,1787;17,2133
25/11/2023;N/E;N/E;17,1787
26/11/2023;N/E;N/E;17,1787
27/11/2023;17,1555;17,1268;17,1787
28/11/2023;17,1357;17,1555;17,1268
29/11/2023;17,1870;17,1357;17,1555
30/11/2023;17,3730;17,1870;17,1357
01/12/2023;17,2143;17,3730;17,1870
02/12/2023;N/E;N/E;17,3730
03/12/2023;N/E;N/E;17,3730
04/12/2023;17,4060;17,2143;17,3730
05/12/2023;17,4215;17,4060;17,2143
06/12/2023;17,2685;17,4215;17,4060
07/12/2023;17,4197;17,2685;17,4215
08/12/2023;17,3688;17,4197;17,2685
09/12/2023;N/E;N/E;17,4197
10/12/2023;N/E;N/E;17,4197
11/12/2023;17,4470;17,3688;17,4197
12/12/2023;N/E;N/E;17,3688
13/12/2023;17,3980;17,4470;17,3688
14/12/2023;17,2990;17,3980;17,4470
15/12/2023;17,1908;17,2990;17,3980
16/12/2023;N/E;N/E;17,2990
17/12/2023;N/E;N/E;17,2990
18/12/2023;17,2277;17,1908;17,2990
19/12/2023;17,0652;17,2277;17,1908
20/12/2023;17,0673;17,0652;17,2277
21/12/2023;17,0590;17,0673;17,0652
22/12/2023;16,9738;17,0590;17,0673
23/12/2023;N/E;N/E;17,0590
24/12/2023;N/E;N/E;17,0590
25/12/2023;N/E;N/E;17,0590
26/12/2023;16,9727;16,9738;17,0590
27/12/2023;16,9220;16,9727;16,9738
28/12/2023;16,8935;16,9220;16,9727
29/12/2023;16,9190;16,8935;16,9220
30/12/2023;N/E;N/E;16,8935
31/12/2023;N/E;N/E;16,8935
01/01/2024;N/E;N/E;16,8935
02/01/2024;17,0297;16,9190;16,8935
03/01/2024;17,0492;17,0297;16,9190
04/01/2024;17,0458;17,0492;17,0297
05/01/2024;16,8987;17,0458;17,0492
06/01/2024;N/E;N/E;17,0458
07/01/2024;N/E;N/E;17,0458
08/01/2024;16,8133;16,8987;17,0458
09/01/2024;16,9347;16,8133;16,8987
10/01/2024;16,9912;16,9347;16,8133
11/01/2024;16,9898;16,9912;16,9347
12/01/2024;16,8580;16,9898;16,9912
13/01/2024;N/E;N/E;16,9898
14/01/2024;N/E;N/E;16,9898
15/01/2024;16,8983;16,8580;16,9898
16/01/2024;17,1598;16,8983;16,8580
17/01/2024;17,2957;17,1598;16,8983
18/01/2024;17,1995;17,2957;17,1598
19/01/2024;17,1325;17,1995;17,2957
20/01/2024;N/E;N/E;17,1995
21/01/2024;N/E;N/E;17,1995
22/01/2024;17,1125;17,1325;17,1995
23/01/2024;17,3520;17,1125;17,1325
24/01/2024;17,1673;17,3520;17,1125
25/01/2024;17,2375;17,1673;17,3520
26/01/2024;17,1657;17,2375;17,1673
27/01/2024;N/E;N/E;17,2375
28/01/2024;N/E;N/E;17,2375
29/01/2024;17,2333;17,1657;17,2375
30/01/2024;17,1932;17,2333;17,1657
31/01/2024;17,1633;17,1932;17,2333
01/02/2024;17,1335;17,1633;17,1932
02/02/2024;17,1447;17,1335;17,1633
03/02/2024;N/E;N/E;17,1335
04/02/2024;N/E;N/E;17,1335
05/02/2024;N/E;N/E;17,1335
06/02/2024;17,0357;17,1447;17,1335
07/02/2024;17,0398;17,0357;17,1447
08/02/2024;17,1023;17,0398;17,0357
09/02/2024;17,0855;17,1023;17,0398
10/02/2024;N/E;N/E;17,1023
11/02/2024;N/E;N/E;17,1023
12/02/2024;17,0680;17,0855;17,1023
13/02/2024;17,1982;17,0680;17,0855
14/02/2024;17,1105;17,1982;17,0680
15/02/2024;17,0680;17,1105;17,1982
16/02/2024;17,0602;17,0680;17,1105
17/02/2024;N/E;N/E;17,0680
18/02/2024;N/E;N/E;17,0680
19/02/2024;17,0500;17,0602;17,0680
20/02/2024;17,0458;17,0500;17,0602
21/02/2024;17,0603;17,0458;17,0500
22/02/2024;17,1210;17,0603;17,0458
23/02/2024;17,1260;17,1210;17,0603
24/02/2024;N/E;N/E;17,1210
25/02/2024;N/E;N/E;17,1210
26/02/2024;17,1260;17,1260;17,1210
27/02/2024;17,0605;17,1260;17,1260
28/02/2024;17,0962;17,0605;17,1260
29/02/2024;17,0633;17,0962;17,0605
01/03/2024;17,0217;17,0633;17,0962
02/03/2024;N/E;N/E;17,0633
03/03/2024;N/E;N/E;17,0633
04/03/2024;16,9828;17,0217;17,0633
05/03/2024;16,9257;16,9828;17,0217
06/03/2024;16,8728;16,9257;16,9828
07/03/2024;16,8770;16,8728;16,9257
08/03/2024;16,7985;16,8770;16,8728
09/03/2024;N/E;N/E;16,8770
10/03/2024;N/E;N/E;16,8770
11/03/2024;16,8083;16,7985;16,8770
12/03/2024;16,8272;16,8083;16,7985
13/03/2024;16,7127;16,8272;16,8083
14/03/2024;16,6920;16,7127;16,8272
15/03/2024;16,7100;16,6920;16,7127
16/03/2024;N/E;N/E;16,6920
17/03/2024;N/E;N/E;16,6920
18/03/2024;N/E;N/E;16,6920
19/03/2024;16,8523;16,7100;16,6920
20/03/2024;16,7590;16,8523;16,7100
21/03/2024;16,7620;16,7590;16,8523
22/03/2024;16,7367;16,7620;16,7590
23/03/2024;N/E;N/E;16,7620
24/03/2024;N/E;N/E;16,7620
25/03/2024;16,7032;16,7367;16,7620
26/03/2024;16,6780;16,7032;16,7367
27/03/2024;16,5323;16,6780;16,7032
28/03/2024;N/E;N/E;16,6780
29/03/2024;N/E;N/E;16,6780
30/03/2024;N/E;N/E;16,6780
31/03/2024;N/E;N/E;16,6780
01/04/2024;16,6578;16,5323;16,6780
02/04/2024;16,5673;16,6578;16,5323
03/04/2024;16,5415;16,5673;16,6578
04/04/2024;16,5173;16,5415;16,5673
05/04/2024;16,4758;16,5173;16,5415
06/04/2024;N/E;N/E;16,5173
07/04/2024;N/E;N/E;16,5173
08/04/2024;16,3357;16,4758;16,5173
09/04/2024;16,3932;16,3357;16,4758
10/04/2024;16,4883;16,3932;16,3357
11/04/2024;16,4583;16,4883;16,3932
12/04/2024;16,6693;16,4583;16,4883
13/04/2024;N/E;N/E;16,4583
14/04/2024;N/E;N/E;16,4583
15/04/2024;16,6815;16,6693;16,4583
16/04/2024;17,0252;16,6815;16,6693
17/04/2024;16,9948;17,0252;16,6815
18/04/2024;17,1145;16,9948;17,0252
19/04/2024;17,2120;17,1145;16,9948
20/04/2024;N/E;N/E;17,1145
21/04/2024;N/E;N/E;17,1145
22/04/2024;17,1243;17,2120;17,1145
23/04/2024;16,9995;17,1243;17,2120
24/04/2024;17,1098;16,9995;17,1243
25/04/2024;17,1883;17,1098;16,9995
26/04/2024;17,1552;17,1883;17,1098
27/04/2024;N/E;N/E;17,1883
28/04/2024;N/E;N/E;17,1883
29/04/2024;17,0243;17,1552;17,1883
30/04/2024;17,0958;17,0243;17,1552
01/05/2024;N/E;N/E;17,0243
02/05/2024;16,9393;17,0958;17,0243
03/05/2024;17,0042;16,9393;17,0958
04/05/2024;N/E;N/E;16,9393
05/05/2024;N/E;N/E;16,9393
06/05/2024;16,8947;17,0042;16,9393
07/05/2024;16,9083;16,8947;17,0042
08/05/2024;16,9087;16,9083;16,8947
09/05/2024;16,8660;16,9087;16,9083
10/05/2024;16,7690;16,8660;16,9087
11/05/2024;N/E;N/E;16,8660
12/05/2024;N/E;N/E;16,8660
13/05/2024;16,8072;16,7690;16,8660
14/05/2024;16,8460;16,8072;16,7690
15/05/2024;16,6782;16,8460;16,8072
16/05/2024;16,6893;16,6782;16,8460
17/05/2024;16,6217;16,6893;16,6782
18/05/2024;N/E;N/E;16,6893
19/05/2024;N/E;N/E;16,6893
20/05/2024;16,5668;16,6217;16,6893
21/05/2024;16,6138;16,5668;16,6217
22/05/2024;16,6405;16,6138;16,5668
23/05/2024;16,6945;16,6405;16,6138
24/05/2024;16,7023;16,6945;16,6405
25/05/2024;N/E;N/E;16,6945
26/05/2024;N/E;N/E;16,6945
27/05/2024;16,6568;16,7023;16,6945
28/05/2024;16,7457;16,6568;16,7023
29/05/2024;16,9500;16,7457;16,6568
30/05/2024;16,9377;16,9500;16,7457
31/05/2024;17,0177;16,9377;16,9500
01/06/2024;N/E;N/E;16,9377
02/06/2024;N/E;N/E;16,9377
03/06/2024;17,6338;17,0177;16,9377
04/06/2024;17,8607;17,6338;17,0177
05/06/2024;17,5592;17,8607;17,6338
06/06/2024;17,5335;17,5592;17,8607
07/06/2024;18,2622;17,5335;17,5592
08/06/2024;N/E;N/E;17,5335
09/06/2024;N/E;N/E;17,5335
10/06/2024;18,3848;18,2622;17,5335
11/06/2024;18,4457;18,3848;18,2622
12/06/2024;18,7832;18,4457;18,3848
13/06/2024;18,5385;18,7832;18,4457
14/06/2024;18,4512;18,5385;18,7832
15/06/2024;N/E;N/E;18,5385
16/06/2024;N/E;N/E;18,5385
17/06/2024;18,5248;18,4512;18,5385
18/06/2024;18,4128;18,5248;18,4512
19/06/2024;18,4230;18,4128;18,5248
20/06/2024;18,4027;18,4230;18,4128
21/06/2024;18,1848;18,4027;18,4230
22/06/2024;N/E;N/E;18,4027
23/06/2024;N/E;N/E;18,4027
24/06/2024;17,9627;18,1848;18,4027
25/06/2024;18,1372;17,9627;18,1848
26/06/2024;18,2215;18,1372;17,9627
27/06/2024;18,3773;18,2215;18,1372
28/06/2024;18,2478;18,3773;18,2215
29/06/2024;N/E;N/E;18,3773
30/06/2024;N/E;N/E;18,3773
01/07/2024;18,3897;18,2478;18,3773
02/07/2024;18,2485;18,3897;18,2478
03/07/2024;18,1355;18,2485;18,3897
04/07/2024;18,0958;18,1355;18,2485
05/07/2024;18,0977;18,0958;18,1355
06/07/2024;N/E;N/E;18,0958
07/07/2024;N/E;N/E;18,0958
08/07/2024;18,0095;18,0977;18,0958
09/07/2024;17,9428;18,0095;18,0977
10/07/2024;17,8288;17,9428;18,0095
11/07/2024;17,8192;17,8288;17,9428
12/07/2024;17,6502;17,8192;17,8288
13/07/2024;N/E;N/E;17,8192
14/07/2024;N/E;N/E;17,8192
15/07/2024;17,7837;17,6502;17,8192
16/07/2024;17,6795;17,7837;17,6502
17/07/2024;17,7438;17,6795;17,7837
18/07/2024;17,8907;17,7438;17,6795
19/07/2024;17,9970;17,8907;17,7438
20/07/2024;N/E;N/E;17,8907
21/07/2024;N/E;N/E;17,8907
22/07/2024;17,9107;17,9970;17,8907
23/07/2024;18,0987;17,9107;17,9970
24/07/2024;18,3458;18,0987;17,9107
25/07/2024;18,3850;18,3458;18,0987
26/07/2024;18,4475;18,3850;18,3458
27/07/2024;N/E;N/E;18,3850
28/07/2024;N/E;N/E;18,3850
29/07/2024;18,6818;18,4475;18,3850
30/07/2024;18,7900;18,6818;18,4475
31/07/2024;18,5970;18,7900;18,6818
01/08/2024;18,7060;18,5970;18,7900
02/08/2024;19,0442;18,7060;18,5970
03/08/2024;N/E;N/E;18,7060
04/08/2024;N/E;N/E;18,7060
05/08/2024;19,3905;19,0442;18,7060
06/08/2024;19,3300;19,3905;19,0442
07/08/2024;19,1890;19,3300;19,3905
08/08/2024;19,0900;19,1890;19,3300
09/08/2024;18,8368;19,0900;19,1890
10/08/2024;N/E;N/E;19,0900
11/08/2024;N/E;N/E;19,0900
12/08/2024;19,0320;18,8368;19,0900
13/08/2024;19,0387;19,0320;18,8368
14/08/2024;18,8478;19,0387;19,0320
15/08/2024;18,6513;18,8478;19,0387
16/08/2024;18,6228;18,6513;18,8478
17/08/2024;N/E;N/E;18,6513
18/08/2024;N/E;N/E;18,6513
19/08/2024;18,7357;18,6228;18,6513
20/08/2024;18,9448;18,7357;18,6228
21/08/2024;19,2535;18,9448;18,7357
22/08/2024;19,4235;19,2535;18,9448
23/08/2024;19,0708;19,4235;19,2535
24/08/2024;N/E;N/E;19,4235
25/08/2024;N/E;N/E;19,4235
26/08/2024;19,3820;19,0708;19,4235
27/08/2024;19,6692;19,3820;19,0708
28/08/2024;19,6037;19,6692;19,3820
29/08/2024;19,8168;19,6037;19,6692
30/08/2024;19,6535;19,8168;19,6037
31/08/2024;N/E;N/E;19,8168
01/09/2024;N/E;N/E;19,8168
02/09/2024;19,7980;19,6535;19,8168
03/09/2024;19,8335;19,7980;19,6535
04/09/2024;19,8460;19,8335;19,7980
05/09/2024;20,0028;19,8460;19,8335
06/09/2024;20,0172;20,0028;19,8460
07/09/2024;N/E;N/E;20,0028
08/09/2024;N/E;N/E;20,0028
09/09/2024;19,8798;20,0172;20,0028
10/09/2024;20,0583;19,8798;20,0172
11/09/2024;19,8390;20,0583;19,8798
12/09/2024;19,5887;19,8390;20,0583
13/09/2024;19,2483;19,5887;19,8390
14/09/2024;N/E;N/E;19,5887
15/09/2024;N/E;N/E;19,5887
16/09/2024;N/E;N/E;19,5887
17/09/2024;19,2670;19,2483;19,5887
18/09/2024;19,3033;19,2670;19,2483
19/09/2024;19,2773;19,3033;19,2670
20/09/2024;19,3725;19,2773;19,3033
21/09/2024;N/E;N/E;19,2773
22/09/2024;N/E;N/E;19,2773
23/09/2024;19,4150;19,3725;19,2773
24/09/2024;19,3562;19,4150;19,3725
25/09/2024;19,5870;19,3562;19,4150
26/09/2024;19,6290;19,5870;19,3562
27/09/2024;19,6697;19,6290;19,5870
28/09/2024;N/E;N/E;19,6290
29/09/2024;N/E;N/E;19,6290
30/09/2024;19,6440;19,6697;19,6290
01/10/2024;N/E;N/E;19,6697
02/10/2024;19,3885;19,6440;19,6697
03/10/2024;19,4678;19,3885;19,6440
04/10/2024;19,2127;19,4678;19,3885
05/10/2024;N/E;N/E;19,4678
06/10/2024;N/E;N/E;19,4678
07/10/2024;19,3388;19,2127;19,4678
08/10/2024;19,3532;19,3388;19,2127
09/10/2024;19,4175;19,3532;19,3388
10/10/2024;19,5113;19,4175;19,3532
11/10/2024;19,3983;19,5113;19,4175
12/10/2024;N/E;N/E;19,5113
13/10/2024;N/E;N/E;19,5113
14/10/2024;19,3420;19,3983;19,5113
15/10/2024;19,6200;19,3420;19,3983
16/10/2024;19,8925;19,6200;19,3420
17/10/2024;19,9313;19,8925;19,6200
18/10/2024;19,8325;19,9313;19,8925
19/10/2024;N/E;N/E;19,9313
20/10/2024;N/E;N/E;19,9313
21/10/2024;20,0075;19,8325;19,9313
22/10/2024;19,8985;20,0075;19,8325
23/10/2024;19,9338;19,8985;20,0075
24/10/2024;19,8385;19,9338;19,8985
25/10/2024;19,9303;19,8385;19,9338
26/10/2024;N/E;N/E;19,8385
27/10/2024;N/E;N/E;19,8385
28/10/2024;20,0007;19,9303;19,8385
29/10/2024;20,0208;20,0007;19,9303
30/10/2024;20,1617;20,0208;20,0007
31/10/2024;20,0378;20,1617;20,0208
01/11/2024;20,0908;20,0378;20,1617
02/11/2024;N/E;N/E;20,0378
03/11/2024;N/E;N/E;20,0378
04/11/2024;20,0367;20,0908;20,0378
05/11/2024;20,2695;20,0367;20,0908
06/11/2024;20,3093;20,2695;20,0367
07/11/2024;19,8277;20,3093;20,2695
08/11/2024;20,1332;19,8277;20,3093
09/11/2024;N/E;N/E;19,8277
10/11/2024;N/E;N/E;19,8277
11/11/2024;20,4502;20,1332;19,8277
12/11/2024;20,5693;20,4502;20,1332
13/11/2024;20,6025;20,5693;20,4502
14/11/2024;20,4940;20,6025;20,5693
15/11/2024;20,3887;20,4940;20,6025
16/11/2024;N/E;N/E;20,4940
17/11/2024;N/E;N/E;20,4940
18/11/2024;N/E;N/E;20,4940
19/11/2024;20,1848;20,3887;20,4940
20/11/2024;20,2903;20,1848;20,3887
21/11/2024;20,3775;20,2903;20,1848
22/11/2024;20,4872;20,3775;20,2903
23/11/2024;N/E;N/E;20,3775
24/11/2024;N/E;N/E;20,3775
25/11/2024;20,2993;20,4872;20,3775
26/11/2024;20,7185;20,2993;20,4872
27/11/2024;20,6418;20,7185;20,2993
28/11/2024;20,4173;20,6418;20,7185
29/11/2024;20,3212;20,4173;20,6418
30/11/2024;N/E;N/E;20,4173
01/12/2024;N/E;N/E;20,4173
02/12/2024;20,4357;20,3212;20,4173
03/12/2024;20,3233;20,4357;20,3212
04/12/2024;20,2830;20,3233;20,4357
05/12/2024;20,1963;20,2830;20,3233
06/12/2024;20,2275;20,1963;20,2830
07/12/2024;N/E;N/E;20,1963
08/12/2024;N/E;N/E;20,1963
09/12/2024;20,1547;20,2275;20,1963
10/12/2024;20,2485;20,1547;20,2275
11/12/2024;20,1647;20,2485;20,1547
12/12/2024;N/E;N/E;20,2485
13/12/2024;20,1420;20,1647;20,2485
14/12/2024;N/E;N/E;20,1647
15/12/2024;N/E;N/E;20,1647
16/12/2024;20,1448;20,1420;20,1647
17/12/2024;20,2363;20,1448;20,1420
18/12/2024;20,1395;20,2363;20,1448
19/12/2024;20,4402;20,1395;20,2363
20/12/2024;20,1035;20,4402;20,1395
21/12/2024;N/E;N/E;20,4402
22/12/2024;N/E;N/E;20,4402
23/12/2024;20,1948;20,1035;20,4402
24/12/2024;20,1558;20,1948;20,1035
25/12/2024;N/E;N/E;20,1948
26/12/2024;20,1657;20,1558;20,1948
27/12/2024;20,2683;20,1657;20,1558
28/12/2024;N/E;N/E;20,1657
29/12/2024;N/E;N/E;20,1657
30/12/2024;20,5103;20,2683;20,1657
31/12/2024;20,7862;20,5103;20,2683
01/01/2025;N/E;N/E;20,5103
02/01/2025;20,6917;20,7862;20,5103
03/01/2025;20,6708;20,6917;20,7862
04/01/2025;N/E;N/E;20,6917
05/01/2025;N/E;N/E;20,6917
06/01/2025;20,3195;20,6708;20,6917
07/01/2025;20,3440;20,3195;20,6708
08/01/2025;20,3823;20,3440;20,3195
09/01/2025;20,4742;20,3823;20,3440
10/01/2025;20,7045;20,4742;20,3823
11/01/2025;N/E;N/E;20,4742
12/01/2025;N/E;N/E;20,4742
13/01/2025;20,8012;20,7045;20,4742
14/01/2025;20,4820;20,8012;20,7045
15/01/2025;20,4875;20,4820;20,8012
16/01/2025;20,7732;20,4875;20,4820
17/01/2025;20,7180;20,7732;20,4875
18/01/2025;N/E;N/E;20,7732
19/01/2025;N/E;N/E;20,7732
20/01/2025;20,5430;20,7180;20,7732
21/01/2025;20,6358;20,5430;20,7180
22/01/2025;20,5397;20,6358;20,5430
23/01/2025;20,3943;20,5397;20,6358
24/01/2025;20,2255;20,3943;20,5397
25/01/2025;N/E;N/E;20,3943
26/01/2025;N/E;N/E;20,3943
27/01/2025;20,7002;20,2255;20,3943
28/01/2025;20,5668;20,7002;20,2255
29/01/2025;20,5677;20,5668;20,7002
30/01/2025;20,4497;20,5677;20,5668
31/01/2025;20,6068;20,4497;20,5677
01/02/2025;N/E;N/E;20,4497
02/02/2025;N/E;N/E;20,4497
03/02/2025;N/E;N/E;20,4497
04/02/2025;20,4268;20,6068;20,4497
05/02/2025;20,6363;20,4268;20,6068
06/02/2025;20,5125;20,6363;20,4268
07/02/2025;20,5512;20,5125;20,6363
08/02/2025;N/E;N/E;20,5125
09/02/2025;N/E;N/E;20,5125
10/02/2025;20,6693;20,5512;20,5125
11/02/2025;20,5680;20,6693;20,5512
12/02/2025;20,4917;20,5680;20,6693
13/02/2025;20,4978;20,4917;20,5680
14/02/2025;20,3082;20,4978;20,4917
15/02/2025;N/E;N/E;20,4978
16/02/2025;N/E;N/E;20,4978
17/02/2025;20,2830;20,3082;20,4978
18/02/2025;20,2617;20,2830;20,3082
19/02/2025;20,4208;20,2617;20,2830
20/02/2025;20,3733;20,4208;20,2617
21/02/2025;20,3448;20,3733;20,4208
22/02/2025;N/E;N/E;20,3733
23/02/2025;N/E;N/E;20,3733
24/02/2025;20,4640;20,3448;20,3733
25/02/2025;20,4683;20,4640;20,3448
26/02/2025;20,4277;20,4683;20,4640
27/02/2025;20,4722;20,4277;20,4683
28/02/2025;20,5080;20,4722;20,4277
01/03/2025;N/E;N/E;20,4722
02/03/2025;N/E;N/E;20,4722
03/03/2025;20,4333;20,5080;20,4722
04/03/2025;20,8518;20,4333;20,5080
05/03/2025;20,3893;20,8518;20,4333
06/03/2025;20,2777;20,3893;20,8518
07/03/2025;20,2830;20,2777;20,3893
08/03/2025;N/E;N/E;20,2777
09/03/2025;N/E;N/E;20,2777
10/03/2025;20,2922;20,2830;20,2777
11/03/2025;20,3388;20,2922;20,2830
12/03/2025;20,1828;20,3388;20,2922
13/03/2025;20,0848;20,1828;20,3388
14/03/2025;19,8693;20,0848;20,1828
15/03/2025;N/E;N/E;20,0848
16/03/2025;N/E;N/E;20,0848
17/03/2025;N/E;N/E;20,0848
18/03/2025;19,9845;19,8693;20,0848
19/03/2025;20,0553;19,9845;19,8693
20/03/2025;20,1345;20,0553;19,9845
21/03/2025;20,2163;20,1345;20,0553
22/03/2025;N/E;N/E;20,1345
23/03/2025;N/E;N/E;20,1345
24/03/2025;20,1123;20,2163;20,1345
25/03/2025;20,0762;20,1123;20,2163
26/03/2025;20,0963;20,0762;20,1123
27/03/2025;20,3182;20,0963;20,0762
28/03/2025;20,4003;20,3182;20,0963
29/03/2025;N/E;N/E;20,3182
30/03/2025;N/E;N/E;20,3182
31/03/2025;20,4380;20,4003;20,3182
01/04/2025;20,3587;20,4380;20,4003
02/04/2025;20,4568;20,3587;20,4380
03/04/2025;19,9708;20,4568;20,3587
04/04/2025;20,5010;19,9708;20,4568
05/04/2025;N/E;N/E;19,9708
06/04/2025;N/E;N/E;19,9708
07/04/2025;20,6947;20,5010;19,9708
08/04/2025;20,6867;20,6947;20,5010
09/04/2025;20,7653;20,6867;20,6947
10/04/2025;20,4920;20,7653;20,6867
11/04/2025;20,3363;20,4920;20,7653
12/04/2025;N/E;N/E;20,4920
13/04/2025;N/E;N/E;20,4920
14/04/2025;20,1025;20,3363;20,4920
15/04/2025;20,0213;20,1025;20,3363
16/04/2025;19,9737;20,0213;20,1025
17/04/2025;N/E;N/E;20,0213
18/04/2025;N/E;N/E;20,0213
19/04/2025;N/E;N/E;20,0213
20/04/2025;N/E;N/E;20,0213
21/04/2025;19,6718;19,9737;20,0213
22/04/2025;19,5688;19,6718;19,9737
23/04/2025;19,6278;19,5688;19,6718
24/04/2025;19,5825;19,6278;19,5688
25/04/2025;19,5478;19,5825;19,6278
26/04/2025;N/E;N/E;19,5825
27/04/2025;N/E;N/E;19,5825
28/04/2025;19,5723;19,5478;19,5825
29/04/2025;19,5868;19,5723;19,5478
30/04/2025;19,6095;19,5868;19,5723
01/05/2025;N/E;N/E;19,5868
02/05/2025;19,6570;19,6095;19,5868
03/05/2025;N/E;N/E;19,6095
04/05/2025;N/E;N/E;19,6095
05/05/2025;19,6365;19,6570;19,6095
06/05/2025;19,6785;19,6365;19,6570
07/05/2025;19,5880;19,6785;19,6365
08/05/2025;19,5642;19,5880;19,6785
09/05/2025;19,4912;19,5642;19,5880
10/05/2025;N/E;N/E;19,5642
11/05/2025;N/E;N/E;19,5642
12/05/2025;19,6162;19,4912;19,5642
13/05/2025;19,4373;19,6162;19,4912
14/05/2025;19,3630;19,4373;19,6162
15/05/2025;19,4780;19,3630;19,4373
16/05/2025;19,5147;19,4780;19,3630
17/05/2025;N/E;N/E;19,4780
18/05/2025;N/E;N/E;19,4780
19/05/2025;19,3723;19,5147;19,4780
20/05/2025;19,2648;19,3723;19,5147
21/05/2025;19,3198;19,2648;19,3723
22/05/2025;19,3227;19,3198;19,2648
23/05/2025;19,2748;19,3227;19,3198
24/05/2025;N/E;N/E;19,3227
25/05/2025;N/E;N/E;19,3227
26/05/2025;19,2188;19,2748;19,3227
27/05/2025;19,2338;19,2188;19,2748
28/05/2025;19,4000;19,2338;19,2188
29/05/2025;19,3280;19,4000;19,2338
30/05/2025;19,3858;19,3280;19,4000
31/05/2025;N/E;N/E;19,3280
01/06/2025;N/E;N/E;19,3280
02/06/2025;19,2338;19,3858;19,3280
03/06/2025;19,2638;19,2338;19,3858
04/06/2025;19,1932;19,2638;19,2338
05/06/2025;19,1700;19,1932;19,2638
06/06/2025;19,1317;19,1700;19,1932
07/06/2025;N/E;N/E;19,1700
08/06/2025;N/E;N/E;19,1700
09/06/2025;19,0595;19,1317;19,1700
10/06/2025;19,0518;19,0595;19,1317
11/06/2025;18,8790;19,0518;19,0595
12/06/2025;18,9068;18,8790;19,0518
13/06/2025;18,9302;18,9068;18,8790
14/06/2025;N/E;N/E;18,9068
15/06/2025;N/E;N/E;18,9068
16/06/2025;18,9083;18,9302;18,9068
17/06/2025;18,9872;18,9083;18,9302
18/06/2025;19,0047;18,9872;18,9083
19/06/2025;19,0898;19,0047;18,9872
20/06/2025;19,1458;19,0898;19,0047
21/06/2025;N/E;N/E;19,0898
22/06/2025;N/E;N/E;19,0898
23/06/2025;19,1527;19,1458;19,0898
24/06/2025;19,0267;19,1527;19,1458
25/06/2025;18,9203;19,0267;19,1527
26/06/2025;18,8928;18,9203;19,0267
27/06/2025;18,8483;18,8928;18,9203
28/06/2025;N/E;N/E;18,8928
29/06/2025;N/E;N/E;18,8928
30/06/2025;18,8332;18,8483;18,8928
01/07/2025;18,7650;18,8332;18,8483
02/07/2025;18,7540;18,7650;18,8332
03/07/2025;18,6652;18,7540;18,7650
04/07/2025;18,6327;18,6652;18,7540
05/07/2025;N/E;N/E;18,6652
06/07/2025;N/E;N/E;18,6652
07/07/2025;18,6698;18,6327;18,6652
08/07/2025;18,7140;18,6698;18,6327
09/07/2025;18,5733;18,7140;18,6698
10/07/2025;18,6267;18,5733;18,7140
11/07/2025;18,6595;18,6267;18,5733
12/07/2025;N/E;N/E;18,6267
13/07/2025;N/E;N/E;18,6267
14/07/2025;18,7510;18,6595;18,6267
15/07/2025;18,8397;18,7510;18,6595
16/07/2025;18,7178;18,8397;18,7510
17/07/2025;18,7685;18,7178;18,8397
18/07/2025;18,7200;18,7685;18,7178
19/07/2025;N/E;N/E;18,7685
20/07/2025;N/E;N/E;18,7685
21/07/2025;18,6455;18,7200;18,7685
22/07/2025;18,6212;18,6455;18,7200
23/07/2025;18,5735;18,6212;18,6455
24/07/2025;18,5538;18,5735;18,6212
25/07/2025;18,5570;18,5538;18,5735
26/07/2025;N/E;N/E;18,5538
27/07/2025;N/E;N/E;18,5538
28/07/2025;18,7267;18,5570;18,5538
29/07/2025;18,7642;18,7267;18,5570
30/07/2025;18,7960;18,7642;18,7267
31/07/2025;18,7963;18,7960;18,7642
01/08/2025;18,9160;18,7963;18,7960
02/08/2025;N/E;N/E;18,7963
03/08/2025;N/E;N/E;18,7963
04/08/2025;18,8783;18,9160;18,7963
05/08/2025;18,7620;18,8783;18,9160
06/08/2025;18,6192;18,7620;18,8783
07/08/2025;18,6765;18,6192;18,7620
08/08/2025;18,5518;18,6765;18,6192
09/08/2025;N/E;N/E;18,6765
10/08/2025;N/E;N/E;18,6765
11/08/2025;18,6683;18,5518;18,6765
12/08/2025;18,5657;18,6683;18,5518
13/08/2025;18,6353;18,5657;18,6683
14/08/2025;18,8137;18,6353;18,5657
15/08/2025;18,7295;18,8137;18,6353
16/08/2025;N/E;N/E;18,8137
17/08/2025;N/E;N/E;18,8137
18/08/2025;18,7840;18,7295;18,8137
19/08/2025;18,7982;18,7840;18,7295
20/08/2025;18,7572;18,7982;18,7840
21/08/2025;18,7737;18,7572;18,7982
22/08/2025;18,5950;18,7737;18,7572
23/08/2025;N/E;N/E;18,7737
24/08/2025;N/E;N/E;18,7737
25/08/2025;18,6368;18,5950;18,7737
26/08/2025;18,6843;18,6368;18,5950
27/08/2025;18,6912;18,6843;18,6368
28/08/2025;18,6522;18,6912;18,6843
29/08/2025;18,6440;18,6522;18,6912
30/08/2025;N/E;N/E;18,6522
31/08/2025;N/E;N/E;18,6522
01/09/2025;18,6460;18,6440;18,6522
02/09/2025;18,7072;18,6460;18,6440
03/09/2025;18,6873;18,7072;18,6460
04/09/2025;18,7577;18,6873;18,7072
05/09/2025;18,6792;18,7577;18,6873
06/09/2025;N/E;N/E;18,7577
07/09/2025;N/E;N/E;18,7577
08/09/2025;18,6550;18,6792;18,7577
09/09/2025;18,6353;18,6550;18,6792
10/09/2025;18,5920;18,6353;18,6550
11/09/2025;18,5287;18,5920;18,6353
12/09/2025;18,4757;18,5287;18,5920
13/09/2025;N/E;N/E;18,5287
14/09/2025;N/E;N/E;18,5287
15/09/2025;18,3635;18,4757;18,5287
16/09/2025;N/E;N/E;18,4757
17/09/2025;18,3257;18,3635;18,4757
18/09/2025;18,3610;18,3257;18,3635
19/09/2025;18,3892;18,3610;18,3257
20/09/2025;N/E;N/E;18,3610
21/09/2025;N/E;N/E;18,3610
22/09/2025;18,4082;18,3892;18,3610
23/09/2025;18,3232;18,4082;18,3892
24/09/2025;18,4312;18,3232;18,4082
25/09/2025;18,4457;18,4312;18,3232
26/09/2025;18,3825;18,4457;18,4312
27/09/2025;N/E;N/E;18,4457
28/09/2025;N/E;N/E;18,4457
29/09/2025;18,3507;18,3825;18,4457
30/09/2025;18,3342;18,3507;18,3825
01/10/2025;18,3477;18,3342;18,3507
02/10/2025;18,4843;18,3477;18,3342
03/10/2025;18,3902;18,4843;18,3477
04/10/2025;N/E;N/E;18,4843
05/10/2025;N/E;N/E;18,4843
06/10/2025;18,3528;18,3902;18,4843
07/10/2025;18,3762;18,3528;18,3902
08/10/2025;18,3477;18,3762;18,3528
09/10/2025;18,3830;18,3477;18,3762
10/10/2025;18,5567;18,3830;18,3477
11/10/2025;N/E;N/E;18,3830
12/10/2025;N/E;N/E;18,3830
13/10/2025;18,4400;18,5567;18,3830
14/10/2025;18,5220;18,4400;18,5567
15/10/2025;18,4808;18,5220;18,4400
16/10/2025;18,4108;18,4808;18,5220
17/10/2025;18,4070;18,4108;18,4808
18/10/2025;N/E;N/E;18,4108
19/10/2025;N/E;N/E;18,4108
20/10/2025;18,4032;18,4070;18,4108
21/10/2025;18,4252;18,4032;18,4070
22/10/2025;18,4333;18,4252;18,4032
23/10/2025;18,4033;18,4333;18,4252
24/10/2025;18,3948;18,4033;18,4333
25/10/2025;N/E;N/E;18,4033
26/10/2025;N/E;N/E;18,4033
27/10/2025;18,3892;18,3948;18,4033
28/10/2025;18,4145;18,3892;18,3948
29/10/2025;18,4072;18,4145;18,3892
30/10/2025;18,5380;18,4072;18,4145
31/10/2025;18,5725;18,5380;18,4072
01/11/2025;N/E;N/E;18,5380
02/11/2025;N/E;N/E;18,5380
03/11/2025;18,4835;18,5725;18,5380
04/11/2025;18,6133;18,4835;18,5725
05/11/2025;18,5947;18,6133;18,4835
06/11/2025;18,6233;18,5947;18,6133
07/11/2025;18,5000;18,6233;18,5947